,rowid,platsbeteckning,obsplatsnamn,provplatsid,fdat,tdat,refniva,hojdmetod,hojdsystem,rorhojd,rorlangd,akvifer,akvifer_tx,jordart,jordart_tx,genes_jord,genes_jord_tx,jord_ovan_jord,jord_ovan_jord_tx,jorddjup,tecken_jorddjup,idiam,brunnsmtrl,brunnsmtrl_tx,borrhalslutning,sillangd,geohylag,geohylag_tx,kommunkod,kommun,lanskod,lan,eucd_gwb,n,e,symbol_magasin,symbol_paverkan,stationsanmarkning,kommentar
1,344,1_4,Vellinge_4,158860,1970-05-01Z,NA,14.473,GNSS RTK,RH2000,1,8.93,JÖ,jord ,,,,,,,,,,,,,,,,,,,,,,,,,,
2,345,1_5,Vellinge_5,308601,1970-05-01Z,NA,9.789,GNSS RTK,RH2000,1,8.19,JÖ,jord ,,,,,,,,,,,,,,,,,,,,,,,,,,
3,347,1_7,Vellinge_7,308603,1969-06-10Z,NA,29.605,GNSS RTK,RH2000,0.3,15,BS,berg ,,,,,,,,,,,,,,,,,,,,,,,,,,
4,13,1000_2,Ringarum_2,116881,1996-04-29Z,NA,75,okänd höjdbestämningsmetod,okant,0.01,3,JÖ,jord ,,,,,,,,,,,,,,,,,,,,,,,,,,
5,52,101_1,Bålsta_1,164747,1998-09-29Z,NA,15.31,Differentiell GPS,RH70,0.95,32,BÖ,berg ,,,,,,,,,,,,,,,,,,,,,,,,,,
6,53,101_2,Bålsta_2,164955,1998-09-29Z,NA,26.615,Differentiell GPS,RH70,0.28,NA,BÖ,berg ,,,,,,,,,,,,,,,,,,,,,,,,,,
7,54,101_3,Bålsta_3,164919,1998-09-29Z,NA,25.88,Differentiell GPS,RH70,0.25,NA,BÖ,berg ,,,,,,,,,,,,,,,,,,,,,,,,,,
8,55,102_1,Marma_1,164738,2006-06-08Z,NA,41.1,GNSS RTK,RH2000,0.9,24.4,JÖ,jord ,,,,,,,,,,,,,,,,,,,,,,,,,,
9,56,102_2,Marma_2,164719,2006-06-16Z,NA,35.07,GNSS RTK,RH2000,0.9,20.2,JÖ,jord ,,,,,,,,,,,,,,,,,,,,,,,,,,
10,58,103_1,Ösmo_1,164755,2018-09-27Z,NA,41.854,GNSS RTK,RH2000,1.2,15.1,JÖ,jord ,,,,,,,,,,,,,,,,,,,,,,,,,,
11,59,103_2,Ösmo_2,164734,2018-09-28Z,NA,54.034,GNSS RTK,RH2000,0.74,15.1,JÖ,jord ,,,,,,,,,,,,,,,,,,,,,,,,,,
12,60,104_1,Tingstäde_1,308541,2018-11-22Z,NA,46.389,GNSS RTK,RH2000,0.92,3.83,JÖ,jord ,,,,,,,,,,,,,,,,,,,,,,,,,,
13,823828,104_2,Tingstäde_2,373793,2023-05-23Z,NA,46.809,GNSS RTK,RH2000,0.86,4,JÖ,jord ,,,,,,,,,,,,,,,,,,,,,,,,,,
14,823826,104_3,Tingstäde_3,373773,2023-05-23Z,NA,NA,NA,NA,1.2,5.8,JÖ,jord ,,,,,,,,,,,,,,,,,,,,,,,,,,
15,61,105_1,Sandvik_1,165139,2019-04-25Z,NA,41.183,GNSS RTK,RH2000,0.52,50.56,BÖ,berg ,,,,,,,,,,,,,,,,,,,,,,,,,,
16,62,105_2,Sandvik_2,165153,2019-04-25Z,NA,40.067,GNSS RTK,RH2000,0.52,80.5,BÖ,berg ,,,,,,,,,,,,,,,,,,,,,,,,,,
17,63,105_3,Sandvik_3,165138,2019-04-25Z,NA,41.033,GNSS RTK,RH2000,0.62,3.09,JÖ,jord ,,,,,,,,,,,,,,,,,,,,,,,,,,
18,64,105_4,Sandvik_4,165146,2019-04-25Z,NA,39.154,GNSS RTK,RH2000,0.72,7.28,JÖ,jord ,,,,,,,,,,,,,,,,,,,,,,,,,,
19,66,106_2,Nyköping_2,165305,2019-05-05Z,NA,43,GNSS RTK,RH2000,0.87,19.24,JS,jord ,,,,,,,,,,,,,,,,,,,,,,,,,,
20,67,106_3,Nyköping_3,165300,2019-05-21Z,NA,30.885,GNSS RTK,RH2000,1.08,48.6,JS,jord ,,,,,,,,,,,,,,,,,,,,,,,,,,
21,68,107_1,Lojsta_Hajd_1,164912,2018-11-18Z,NA,53.737,GNSS RTK,RH2000,0.16,130,BÖ,berg ,,,,,,,,,,,,,,,,,,,,,,,,,,
22,69,108_1,Gothem_Kaupungs_1,164916,2017-03-15Z,NA,16.123,GNSS RTK,RH2000,0.16,59.2,BX,berg ,,,,,,,,,,,,,,,,,,,,,,,,,,
23,70,109_1,Norrlanda_Annex_1,164942,2017-03-20Z,NA,17.827,GNSS RTK,RH2000,0.15,73,BÖ,berg ,,,,,,,,,,,,,,,,,,,,,,,,,,
24,107,11_14,Slite_14,158093,1974-05-15Z,NA,44.183,GNSS RTK,RH2000,1.36,41.56,BÖ,berg ,,,,,,,,,,,,,,,,,,,,,,,,,,
25,123,11_9,Slite_9,158717,1970-11-25Z,NA,58.55,okänd höjdbestämningsmetod,RH70,0.15,55,BÖ,berg ,,,,,,,,,,,,,,,,,,,,,,,,,,
26,72,110_1,Fåro_Hammars_1,164926,2018-11-22Z,NA,13.83,GNSS RTK,RH2000,0.42,52,BÖ,berg ,,,,,,,,,,,,,,,,,,,,,,,,,,
27,76,111_1,Åtvidaberg_1,179919,1998-10-06Z,NA,112.5,GNSS RTK,RH70,0.53,NA,BÖ,berg ,,,,,,,,,,,,,,,,,,,,,,,,,,
28,77,111_2,Åtvidaberg_2,179908,1998-10-06Z,NA,125.14,GNSS RTK,RH70,0.6,NA,BÖ,berg ,,,,,,,,,,,,,,,,,,,,,,,,,,
29,74,1110_2,Ålberga_2,116862,2004-11-04Z,NA,NA,NA,NA,1,5,JÖ,jord ,,,,,,,,,,,,,,,,,,,,,,,,,,
30,78,112_1,Kristinehamn_1,179907,2002-10-21Z,NA,54.19,GNSS RTK,RH00,0.7,50,BÖ,berg ,,,,,,,,,,,,,,,,,,,,,,,,,,
31,79,112_2,Kristinehamn_2,179914,2002-10-21Z,NA,58.36,GNSS RTK,RH00,0.7,50,BÖ,berg ,,,,,,,,,,,,,,,,,,,,,,,,,,
32,80,113_1,Vetlanda_1,179915,2000-08-14Z,NA,203.794,GNSS RTK,RH2000,0.9,50,BÖ,berg ,,,,,,,,,,,,,,,,,,,,,,,,,,
33,81,113_2,Vetlanda_2,179906,2000-08-14Z,NA,205.046,GNSS RTK,RH2000,0.83,50,BÖ,berg ,,,,,,,,,,,,,,,,,,,,,,,,,,
34,82,114_1,Skogaby_1,179905,1999-04-16Z,NA,56.487,GNSS RTK,RH2000,0.53,50,BÖ,berg ,,,,,,,,,,,,,,,,,,,,,,,,,,
35,83,114_2,Skogaby_2,179904,1999-04-16Z,NA,98.31,GNSS RTK,RH2000,0.29,50,BÖ,berg ,,,,,,,,,,,,,,,,,,,,,,,,,,
36,84,115_1,Ramsjö_1,179923,1996-12-10Z,NA,309.49,GNSS RTK,NA,1.245,NA,BX,berg ,,,,,,,,,,,,,,,,,,,,,,,,,,
37,85,116_1,Kälarne_1,179912,1996-09-16Z,NA,313.87,GNSS RTK,RH70,0.64,NA,BX,berg ,,,,,,,,,,,,,,,,,,,,,,,,,,
38,86,117_1,Gävle_S_1,165134,2019-04-10Z,NA,24.674,GNSS RTK,RH2000,1.2,80.74,BÖ,berg ,,,,,,,,,,,,,,,,,,,,,,,,,,
39,87,117_2,Gävle_S_2,165133,2019-04-10Z,NA,30.566,GNSS RTK,RH2000,0.63,50.63,BÖ,berg ,,,,,,,,,,,,,,,,,,,,,,,,,,
40,88,117_3,Gävle_S_3,165136,2019-04-10Z,NA,24.451,GNSS RTK,RH2000,0.767,3.24,JÖ,jord ,,,,,,,,,,,,,,,,,,,,,,,,,,
41,89,118_1,Mackmyra_1,165135,2019-04-11Z,NA,65.77,GNSS RTK,RH2000,1.09,50.86,BÖ,berg ,,,,,,,,,,,,,,,,,,,,,,,,,,
42,90,118_2,Mackmyra_2,165132,2019-04-11Z,NA,65.62,GNSS RTK,RH2000,0.78,3.24,JÖ,jord ,,,,,,,,,,,,,,,,,,,,,,,,,,
43,91,119_1,Norrtälje_1,165077,2019-03-20Z,NA,13.422,GNSS RTK,RH2000,1.32,81.32,BÖ,berg ,,,,,,,,,,,,,,,,,,,,,,,,,,
44,92,119_2,Norrtälje_2,165079,2019-03-20Z,NA,26.811,GNSS RTK,RH2000,0.67,80.67,BÖ,berg ,,,,,,,,,,,,,,,,,,,,,,,,,,
45,93,119_3,Norrtälje_3,165082,2019-03-20Z,NA,13.425,GNSS RTK,RH2000,0.64,6.62,JS,jord ,,,,,,,,,,,,,,,,,,,,,,,,,,
46,129,120_1,Östhammar_1,165081,2019-03-18Z,NA,6.181,GNSS RTK,RH2000,0.71,50.71,BÖ,berg ,,,,,,,,,,,,,,,,,,,,,,,,,,
47,130,120_2,Östhammar_2,165080,2019-03-18Z,NA,6.193,GNSS RTK,RH2000,0.55,50.55,BÖ,berg ,,,,,,,,,,,,,,,,,,,,,,,,,,
48,131,120_3,Östhammar_3,165078,2019-03-18Z,NA,6.075,GNSS RTK,RH2000,1,2.22,JÖ,jord ,,,,,,,,,,,,,,,,,,,,,,,,,,
49,132,121_1,Karlskrona_1,165316,2019-05-09Z,NA,59.59,GNSS RTK,RH2000,1.41,3.1,JÖ,jord ,,,,,,,,,,,,,,,,,,,,,,,,,,
50,133,122_1,Tomelilla_1,166613,2019-06-03Z,NA,70.605,GNSS RTK,RH2000,1.045,5.99,JÖ,jord ,,,,,,,,,,,,,,,,,,,,,,,,,,
51,134,123_1,Björkvik_1,165148,2019-04-26Z,NA,39.237,GNSS RTK,RH2000,1.01,15.95,JÖ,jord ,,,,,,,,,,,,,,,,,,,,,,,,,,
52,135,124_1,Gräddö_1,166612,2019-06-20Z,NA,8.1,GNSS RTK,RH2000,0.54,34,BÖ,berg ,,,,,,,,,,,,,,,,,,,,,,,,,,
53,136,125_1,Ljusdal_1,166616,2019-07-10Z,NA,120.32,GNSS RTK,RH2000,0.86,10.33,JÖ,jord ,,,,,,,,,,,,,,,,,,,,,,,,,,
54,137,125_2,Ljusdal_2,166620,2019-07-10Z,NA,141.77,GNSS RTK,RH2000,0.8,12.1,JÖ,jord ,,,,,,,,,,,,,,,,,,,,,,,,,,
55,138,126_1,Säter_1,166619,2019-07-10Z,NA,146.22,GNSS RTK,RH2000,0.87,22,JÖ,jord ,,,,,,,,,,,,,,,,,,,,,,,,,,
56,721283,126_2,Säter_2,312083,2020-12-10Z,NA,139.293,GNSS RTK,RH2000,0.59,64.64,JS,jord ,,,,,,,,,,,,,,,,,,,,,,,,,,
57,139,127_1,Lindesberg_1,166624,2019-07-12Z,NA,103.858,GNSS RTK,RH2000,0.82,16,JÖ,jord ,,,,,,,,,,,,,,,,,,,,,,,,,,
58,140,127_2,Lindesberg_2,166621,2019-07-12Z,NA,101.695,GNSS RTK,RH2000,0.71,11.4,JÖ,jord ,,,,,,,,,,,,,,,,,,,,,,,,,,
59,141,127_3,Lindesberg_3,166618,2019-07-12Z,NA,102.338,GNSS RTK,RH2000,0.94,20,JÖ,jord ,,,,,,,,,,,,,,,,,,,,,,,,,,
60,142,127_4,Lindesberg_4,166617,2019-07-12Z,NA,79.003,GNSS RTK,RH2000,0.995,19.05,JS,jord ,,,,,,,,,,,,,,,,,,,,,,,,,,
61,143,128_1,Uppsala_1,166622,2019-07-09Z,NA,19.616,GNSS RTK,RH2000,0.34,48,BS,berg ,,,,,,,,,,,,,,,,,,,,,,,,,,
62,144,128_2,Uppsala_2,166623,2019-07-13Z,NA,20.089,GNSS RTK,RH2000,0.814,19.3,JÖ,jord ,,,,,,,,,,,,,,,,,,,,,,,,,,
63,721236,128_3,Uppsala_3,311993,2020-05-07Z,NA,32.335,GNSS RTK,RH2000,1.14,13.88,JÖ,jord ,,,,,,,,,,,,,,,,,,,,,,,,,,
64,721288,128_4,Uppsala_4,312091,2020-10-21Z,NA,30.53,GNSS RTK,RH2000,1.01,13.1,JÖ,jord ,,,,,,,,,,,,,,,,,,,,,,,,,,
65,721166,129_1,Harg_1,311859,1998-03-18Z,NA,14.841,GNSS RTK,RH2000,1.05,6.37,JÖ,jord ,,,,,,,,,,,,,,,,,,,,,,,,,,
66,159,13_101,Varberg_101,308545,1983-07-01Z,NA,158.203,GNSS RTK,RH2000,0.94,5.75,BÖ,berg ,,,,,,,,,,,,,,,,,,,,,,,,,,
67,160,13_102,Varberg_102,308547,1983-07-01Z,NA,144.498,GNSS RTK,RH2000,1.25,4.75,KÖ,kombinerat jord och berg ,,,,,,,,,,,,,,,,,,,,,,,,,,
68,165,13_107,Varberg_107,308549,1986-04-08Z,NA,119,okänd höjdbestämningsmetod,okant,0.4,2.6,JÖ,jord ,,,,,,,,,,,,,,,,,,,,,,,,,,
69,169,13_2,Varberg_2,158815,1959-04-24Z,NA,27.879,GNSS RTK,RH2000,1.15,25.1,JS,jord ,,,,,,,,,,,,,,,,,,,,,,,,,,
70,721237,130_1,Bredbyn_1,311995,2020-06-16Z,NA,118.922,höjd mätt med GPS,RH2000,0.47,7.49,JÖ,jord ,,,,,,,,,,,,,,,,,,,,,,,,,,
71,147,1300_2,Fåsås_2,117382,1996-05-10Z,NA,250,okänd höjdbestämningsmetod,okant,0.8,3.5,JÖ,jord ,,,,,,,,,,,,,,,,,,,,,,,,,,
72,148,131_1,Krokek_1,165307,2019-05-21Z,NA,94.38,GNSS RTK,RH2000,1,19.98,JÖ,jord ,,,,,,,,,,,,,,,,,,,,,,,,,,
73,149,131_2,Krokek_2,165310,2019-05-26Z,NA,94.104,GNSS RTK,RH2000,1.01,3.9,JÖ,jord ,,,,,,,,,,,,,,,,,,,,,,,,,,
74,150,132_1,Påskallavik_1,165308,2019-05-22Z,NA,9.43,GNSS RTK,RH2000,-1.735,83.5,BX,berg ,,,,,,,,,,,,,,,,,,,,,,,,,,
75,151,132_2,Påskallavik_2,165306,2019-05-22Z,NA,11.158,GNSS RTK,RH2000,0.475,7.8,JÖ,jord ,,,,,,,,,,,,,,,,,,,,,,,,,,
76,152,133_1,Fliseryd_1,165322,2019-05-22Z,NA,37.982,GNSS RTK,RH2000,0.3,50,JÖ,jord ,,,,,,,,,,,,,,,,,,,,,,,,,,
77,153,134_1,Blomstermåla_1,165304,2019-05-23Z,NA,48.223,GNSS RTK,RH2000,1.06,12.97,JÖ,jord ,,,,,,,,,,,,,,,,,,,,,,,,,,
78,154,135_1,Läckeby_1,165317,2019-05-24Z,NA,13.92,GNSS RTK,RH2000,0.15,50,BÖ,berg ,,,,,,,,,,,,,,,,,,,,,,,,,,
79,155,136_1,Sölvesborg_1,165301,2017-01-03Z,NA,2.215,GNSS RTK,RH2000,0.25,53,BS,berg ,,,,,,,,,,,,,,,,,,,,,,,,,,
80,721207,136_2,136_2,311939,2020-09-28Z,NA,28.541,GNSS RTK,RH2000,0.04,46,JÖ,jord ,,,,,,,,,,,,,,,,,,,,,,,,,,
81,157,138_1,Färgelanda_1,179921,2019-09-05Z,NA,92.093,GNSS RTK,RH2000,1.1,18.25,JÖ,jord ,,,,,,,,,,,,,,,,,,,,,,,,,,
82,721030,139_1,Martebo_1,311843,2019-10-16Z,NA,42.648,GNSS RTK,RH2000,0.38,82,BX,berg ,,,,,,,,,,,,,,,,,,,,,,,,,,
83,182,14_12,Nissafors_12,308555,1970-07-22Z,NA,182.684,GNSS RTK,RH2000,1.2,6.35,JS,jord ,,,,,,,,,,,,,,,,,,,,,,,,,,
84,183,14_13,Nissafors_13,308557,1970-07-22Z,NA,184.044,GNSS RTK,RH2000,0.4,NA,BS,berg ,,,,,,,,,,,,,,,,,,,,,,,,,,
85,184,14_14,Nissafors_14,308559,1970-07-22Z,NA,183.83,avvägning,RH70,0.4,NA,JS,jord ,,,,,,,,,,,,,,,,,,,,,,,,,,
86,186,14_2,Nissafors_2,308561,1967-12-02Z,NA,171.69,GNSS RTK,RH2000,0.95,18.42,JÖ,jord ,,,,,,,,,,,,,,,,,,,,,,,,,,
87,187,14_3,Nissafors_3,308563,1967-12-02Z,NA,172.937,GNSS RTK,RH2000,1.05,14.25,JÖ,jord ,,,,,,,,,,,,,,,,,,,,,,,,,,
88,190,14_6,Nissafors_6,308565,1967-12-02Z,NA,171.191,GNSS RTK,RH2000,0.94,14.54,JÖ,jord ,,,,,,,,,,,,,,,,,,,,,,,,,,
89,175,140_1,Härnösand_1,308553,2019-10-16Z,NA,4.7,höjd från 2m höjddatabas,RH2000,1.09,7.24,JÖ,jord ,,,,,,,,,,,,,,,,,,,,,,,,,,
90,174,1400_2,Dalarås_2,116992,1996-05-02Z,NA,180,okänd höjdbestämningsmetod,okant,1.1,3,JÖ,jord ,,,,,,,,,,,,,,,,,,,,,,,,,,
91,176,141_1,Hovmantorp_1,179913,2019-10-01Z,NA,177.736,GNSS RTK,RH2000,1.13,6.9,JÖ,jord ,,,,,,,,,,,,,,,,,,,,,,,,,,
92,177,141_2,Hovmantorp_2,179909,2019-10-01Z,NA,176.153,GNSS RTK,RH2000,0.8,5.94,JÖ,jord ,,,,,,,,,,,,,,,,,,,,,,,,,,
93,721031,142_1,Moheda_1,311845,2019-10-30Z,NA,181.392,GNSS RTK,RH2000,0.84,6,JÖ,jord ,,,,,,,,,,,,,,,,,,,,,,,,,,
94,721032,142_2,Moheda_2,311847,2019-10-30Z,NA,216.496,GNSS RTK,RH2000,0.59,6,JÖ,jord ,,,,,,,,,,,,,,,,,,,,,,,,,,
95,721033,143_1,Arboga_1,311849,2019-11-04Z,NA,16.509,GNSS RTK,RH2000,1.12,9.89,JÖ,jord ,,,,,,,,,,,,,,,,,,,,,,,,,,
96,721034,143_2,Arboga_2,311851,2019-11-04Z,NA,17.97,GNSS RTK,RH2000,0.85,9.77,JÖ,jord ,,,,,,,,,,,,,,,,,,,,,,,,,,
97,178,144_1,Fjugesta_1,181115,2019-11-28Z,NA,74.988,GNSS RTK,RH2000,0.71,12,JÖ,jord ,,,,,,,,,,,,,,,,,,,,,,,,,,
98,721163,145_1,Hjo_1,311855,2020-01-29Z,NA,141.38,GNSS RTK,RH2000,1.14,17.7,JÖ,jord ,,,,,,,,,,,,,,,,,,,,,,,,,,
99,721243,145_2,Hjo_2,312005,2021-06-24Z,NA,177.54,GNSS RTK,RH2000,1.04,10,JX,jord ,,,,,,,,,,,,,,,,,,,,,,,,,,
100,721247,145_4,Hjo_4,312013,2020-11-27Z,NA,185.984,NA,RH2000,0.4,4,JÖ,jord ,,,,,,,,,,,,,,,,,,,,,,,,,,
101,721164,146_1,Brevik_1,311857,2020-01-30Z,NA,107.69,GNSS RTK,RH2000,0.23,33.13,BÖ,berg ,,,,,,,,,,,,,,,,,,,,,,,,,,
102,721299,147_1,147_1,312111,2020-09-28Z,NA,22.516,GNSS RTK,RH2000,1.05,26.27,JÖ,jord ,,,,,,,,,,,,,,,,,,,,,,,,,,
103,721165,149_1,Örebro_1,181987,2020-01-28Z,NA,129.009,GNSS RTK,RH2000,0.77,9.7,JÖ,jord ,,,,,,,,,,,,,,,,,,,,,,,,,,
104,209,15_8,Herrljunga_8,308569,1970-12-22Z,NA,148.55,GNSS RTK,RH2000,1,4.5,JÖ,jord ,,,,,,,,,,,,,,,,,,,,,,,,,,
105,210,15_9,Herrljunga_9,158290,1970-12-22Z,NA,147.62,GNSS RTK,RH2000,1.1,4.4,JÖ,jord ,,,,,,,,,,,,,,,,,,,,,,,,,,
106,721308,150_1,Nälden_1,312129,2020-07-04Z,NA,304.973,GNSS RTK,RH2000,0.34,130,BÖ,berg ,,,,,,,,,,,,,,,,,,,,,,,,,,
107,196,1500_2,Sälen_2,117685,1996-05-10Z,NA,400,okänd höjdbestämningsmetod,okant,0.25,3.5,JÖ,jord ,,,,,,,,,,,,,,,,,,,,,,,,,,
108,721202,151_1,Hede_1,311929,2020-08-31Z,NA,421.196,GNSS RTK,RH2000,0.95,5.11,JÖ,jord ,,,,,,,,,,,,,,,,,,,,,,,,,,
109,197,1510_1,Öje_1,117638,2000-06-05Z,NA,420,okänd höjdbestämningsmetod,okant,0.93,3.6,JÖ,jord ,,,,,,,,,,,,,,,,,,,,,,,,,,
110,721224,152_1,Vemhån_1,311971,2020-07-07Z,NA,397,GNSS RTK,RH2000,1,7.73,JÖ,jord ,,,,,,,,,,,,,,,,,,,,,,,,,,
111,721172,154_1,Drevdagen_1,311871,2020-12-10Z,NA,724.026,GNSS RTK,RH2000,0.95,9.21,JÖ,jord ,,,,,,,,,,,,,,,,,,,,,,,,,,
112,721272,155_1,155_1,312061,2020-06-23Z,NA,466.743,GNSS RTK,RH2000,0,NA,BÖ,berg ,,,,,,,,,,,,,,,,,,,,,,,,,,
113,721313,156_1,Vansbro_1,312139,2020-06-23Z,NA,242.145,GNSS RTK,RH2000,0.97,4.36,JÖ,jord ,,,,,,,,,,,,,,,,,,,,,,,,,,
114,721310,156_2,Vansbro_2,312133,2020-06-23Z,NA,243.251,GNSS RTK,RH2000,0.85,16.96,JÖ,jord ,,,,,,,,,,,,,,,,,,,,,,,,,,
115,721300,157_1,Evertsberg_1,312113,2021-01-11Z,NA,413.787,GNSS RTK,RH2000,0.1,NA,JÖ,jord ,,,,,,,,,,,,,,,,,,,,,,,,,,
116,721296,158_1,158_1,312105,2020-12-07Z,NA,92.788,GNSS RTK,RH2000,0.3,NA,BS,berg ,,,,,,,,,,,,,,,,,,,,,,,,,,
117,721256,159_1,Alnön_1,312029,2020-07-06Z,NA,9.047,höjd mätt med GPS,RH2000,0.71,51.07,BX,berg ,,,,,,,,,,,,,,,,,,,,,,,,,,
118,216,16_102,Tiveden_102,308571,1986-04-07Z,NA,201.78,avvägning,RH70,0.6,1.2,JÖ,jord ,,,,,,,,,,,,,,,,,,,,,,,,,,
119,235,16_18,Tiveden_18,308573,1965-06-30Z,NA,122.21,GNSS RTK,RH2000,0.1,2.6,JÖ,jord ,,,,,,,,,,,,,,,,,,,,,,,,,,
120,243,16_26,Tiveden_26,308575,1965-06-30Z,NA,127.09,GNSS RTK,RH2000,0.4,4.4,JÖ,jord ,,,,,,,,,,,,,,,,,,,,,,,,,,
121,245,16_28,Tiveden_28,117537,1965-06-30Z,NA,125.67,GNSS RTK,RH2000,1,5,JÖ,jord ,,,,,,,,,,,,,,,,,,,,,,,,,,
122,212,1600_2,Långå_2,117726,1996-10-04Z,NA,600,okänd höjdbestämningsmetod,okant,0.3,4.5,JÖ,jord ,,,,,,,,,,,,,,,,,,,,,,,,,,
123,721241,166_1,Fjätervålen_1,312001,2020-06-24Z,NA,595.905,GNSS RTK,RH2000,1.18,12.61,JÖ,jord ,,,,,,,,,,,,,,,,,,,,,,,,,,
124,721199,166_2,Fjätervålen_2,311923,2020-06-24Z,NA,596.794,GNSS RTK,RH2000,1.11,12.69,JÖ,jord ,,,,,,,,,,,,,,,,,,,,,,,,,,
125,304,17_1,Hallsberg_1,158361,1967-02-14Z,NA,127.624,GNSS RTK,RH2000,0.93,13.77,JÖ,jord ,,,,,,,,,,,,,,,,,,,,,,,,,,
126,307,17_2,Hallsberg_2,158643,1967-02-14Z,NA,122.68,GNSS RTK,RH2000,1.01,18.5,JÖ,jord ,,,,,,,,,,,,,,,,,,,,,,,,,,
127,311,17_6,Hallsberg_6,308579,1967-04-26Z,NA,131.133,GNSS RTK,RH2000,0.18,14,JÖ,jord ,,,,,,,,,,,,,,,,,,,,,,,,,,
128,312,17_7,Hallsberg_7,158666,1968-09-12Z,NA,127.56,GNSS RTK,RH2000,1,11.1,JÖ,jord ,,,,,,,,,,,,,,,,,,,,,,,,,,
129,313,17_8,Hallsberg_8,158523,1968-09-12Z,NA,121.09,GNSS RTK,RH2000,1,12.95,JÖ,jord ,,,,,,,,,,,,,,,,,,,,,,,,,,
130,314,17_9,Hallsberg_9,158781,1967-04-26Z,NA,130.42,GNSS RTK,RH2000,0.2,2.78,JÖ,jord ,,,,,,,,,,,,,,,,,,,,,,,,,,
131,721193,170_1,Lovön_1,311911,2020-05-19Z,NA,5.124,GNSS RTK,RH2000,0.91,4.4,JS,jord ,,,,,,,,,,,,,,,,,,,,,,,,,,
132,721254,170_2,Lovön_2,312025,2020-05-20Z,NA,22.38,GNSS RTK,RH2000,0.89,7.9,JS,jord ,,,,,,,,,,,,,,,,,,,,,,,,,,
133,721265,171_1,Huddinge_1,312047,2020-04-24Z,NA,29.879,GNSS RTK,RH2000,1.51,9.3,JS,jord ,,,,,,,,,,,,,,,,,,,,,,,,,,
134,721264,171_2,Huddinge_2,312045,2020-04-24Z,NA,29.77,GNSS RTK,RH2000,1.42,8,JS,jord ,,,,,,,,,,,,,,,,,,,,,,,,,,
135,721311,171_4,Huddinge_4,312135,2020-04-24Z,NA,39.96,GNSS RTK,RH2000,1.01,16,JÖ,jord ,,,,,,,,,,,,,,,,,,,,,,,,,,
136,721270,171_5,Huddinge_5,312057,2020-04-24Z,NA,41.279,GNSS RTK,RH2000,1.14,6,JÖ,jord ,,,,,,,,,,,,,,,,,,,,,,,,,,
137,721293,172_1,Kopparberg_1,312099,2020-05-04Z,NA,327.83,GNSS RTK,RH2000,0.68,2.87,JÖ,jord ,,,,,,,,,,,,,,,,,,,,,,,,,,
138,300,1720_2,Anundsjö_2,116708,1995-05-03Z,NA,110,okänd höjdbestämningsmetod,okant,0.7,4.5,JÖ,jord ,,,,,,,,,,,,,,,,,,,,,,,,,,
139,721222,173_1,Garpenberg_1,311967,2020-05-04Z,NA,217.48,GNSS RTK,RH2000,0.42,4.42,JÖ,jord ,,,,,,,,,,,,,,,,,,,,,,,,,,
140,721255,173_2,Garpenberg_2,312027,2020-05-04Z,NA,219.82,GNSS RTK,RH2000,0.85,3.84,JÖ,jord ,,,,,,,,,,,,,,,,,,,,,,,,,,
141,301,1730_1,Berttjärn_1,116550,1996-05-04Z,NA,83.75,GNSS RTK,RH2000,1.1,3.5,JÖ,jord ,,,,,,,,,,,,,,,,,,,,,,,,,,
142,302,1730_2,Berttjärn_2,116549,1996-05-04Z,NA,84.33,GNSS RTK,RH2000,1.43,5,JÖ,jord ,,,,,,,,,,,,,,,,,,,,,,,,,,
143,721468,174_1,174_1,312159,2020-09-28Z,NA,96.115,GNSS RTK,RH2000,0.76,3.68,JÖ,jord ,,,,,,,,,,,,,,,,,,,,,,,,,,
144,721234,174_2,174_2,311989,2020-09-28Z,NA,94.428,GNSS RTK,RH2000,0.72,3.93,JÖ,jord ,,,,,,,,,,,,,,,,,,,,,,,,,,
145,721306,175_1,Skåre_1,312125,2020-06-18Z,NA,52.342,GNSS RTK,RH2000,0.73,30.35,JÖ,jord ,,,,,,,,,,,,,,,,,,,,,,,,,,
146,721232,179_1,Göteborg_1,311985,2020-06-24Z,NA,12.137,GNSS RTK,RH2000,0.99,9.8,JS,jord ,,,,,,,,,,,,,,,,,,,,,,,,,,
147,721235,179_2,Göteborg_2,311991,2020-06-23Z,NA,14.197,GNSS RTK,RH2000,0.9,20.86,JS,jord ,,,,,,,,,,,,,,,,,,,,,,,,,,
148,721305,179_3,Göteborg_3,312123,2020-06-23Z,NA,23.887,GNSS RTK,RH2000,1.12,6.4,JS,jord ,,,,,,,,,,,,,,,,,,,,,,,,,,
149,721221,179_4,Göteborg_4,311965,2020-06-23Z,NA,15.417,GNSS RTK,RH2000,0.45,29.93,JS,jord ,,,,,,,,,,,,,,,,,,,,,,,,,,
150,317,18_1,Kolmården_1,308581,1969-05-09Z,NA,52.225,GNSS RTK,RH2000,1.4,16,JS,jord ,,,,,,,,,,,,,,,,,,,,,,,,,,
151,321,18_4,Kolmården_4,308585,1970-12-21Z,NA,56.627,GNSS RTK,RH2000,1.1,5.9,JÖ,jord ,,,,,,,,,,,,,,,,,,,,,,,,,,
152,322,18_5,Kolmården_5,308587,1970-12-21Z,NA,61.54,GNSS RTK,RH2000,1.1,4.5,JÖ,jord ,,,,,,,,,,,,,,,,,,,,,,,,,,
153,721258,180_1,Sollentuna_1,312033,2020-05-07Z,NA,32.089,GNSS RTK,RH2000,0.495,19.07,JS,jord ,,,,,,,,,,,,,,,,,,,,,,,,,,
154,315,1800_1,Krokom_1,117501,1997-05-10Z,NA,350,okänd höjdbestämningsmetod,okant,0.7,3.5,JÖ,jord ,,,,,,,,,,,,,,,,,,,,,,,,,,
155,721186,181_1,Katrineholm_1,311899,2020-05-19Z,NA,64.302,GNSS RTK,RH2000,0.45,4.5,JS,jord ,,,,,,,,,,,,,,,,,,,,,,,,,,
156,721219,181_2,Katrineholm_2,311961,2020-05-19Z,NA,48.317,GNSS RTK,RH2000,0.78,4,JS,jord ,,,,,,,,,,,,,,,,,,,,,,,,,,
157,721213,182_1,182_1,311951,2020-06-11Z,NA,33.084,GNSS RTK,RH2000,0.47,45,BÖ,berg ,,,,,,,,,,,,,,,,,,,,,,,,,,
158,721279,183_1,183_1,312075,2020-05-29Z,NA,36.13,GNSS RTK,RH2000,0.08,2.4,JÖ,jord ,,,,,,,,,,,,,,,,,,,,,,,,,,
159,721200,184_1,Horred_1,311925,2020-05-29Z,NA,66.61,GNSS RTK,RH2000,0.75,19.4,JÖ,jord ,,,,,,,,,,,,,,,,,,,,,,,,,,
160,721179,184_2,184_2,311885,2020-05-29Z,NA,60.768,GNSS RTK,RH2000,1.18,4.4,JÖ,jord ,,,,,,,,,,,,,,,,,,,,,,,,,,
161,721194,185_1,185_1,311913,2020-06-18Z,NA,114.654,NA,RH2000,0.88,21.72,JÖ,jord ,,,,,,,,,,,,,,,,,,,,,,,,,,
162,721475,186_1,Kumla_1,312163,2020-06-25Z,NA,70.974,GNSS RTK,RH2000,0.27,121,BÖ,berg ,,,,,,,,,,,,,,,,,,,,,,,,,,
163,721477,186_2,Kumla_2,312167,2020-08-06Z,NA,39.571,GNSS RTK,RH2000,0.22,46,BÖ,berg ,,,,,,,,,,,,,,,,,,,,,,,,,,
164,721285,187_1,Askersby_2,312087,2020-08-06Z,NA,25.004,GNSS RTK,RH2000,0.19,201,BÖ,berg ,,,,,,,,,,,,,,,,,,,,,,,,,,
165,721212,188_1,188_1,311949,2020-06-15Z,NA,71.689,GNSS RTK,RH2000,0.47,35,BÖ,berg ,,,,,,,,,,,,,,,,,,,,,,,,,,
166,721266,189_1,Burträsk_1,312049,2020-07-04Z,NA,193.356,höjd mätt med GPS,RH2000,1.01,10.36,JÖ,jord ,,,,,,,,,,,,,,,,,,,,,,,,,,
167,721276,189_2,Burträsk_2,312069,2020-07-04Z,NA,228.682,GNSS RTK,RH2000,0.91,16.17,JÖ,jord ,,,,,,,,,,,,,,,,,,,,,,,,,,
168,327,19_13,Brattforsheden_13,308589,1969-09-26Z,NA,169.86,GNSS RTK,RH2000,1,9.12,JÖ,jord ,,,,,,,,,,,,,,,,,,,,,,,,,,
169,332,19_18,Brattforsheden_18,308593,1977-06-15Z,NA,168.175,GNSS RTK,RH2000,1.1,24,JÖ,jord ,,,,,,,,,,,,,,,,,,,,,,,,,,
170,339,19_9,Brattforsheden_9,308595,1968-08-13Z,NA,165.687,GNSS RTK,RH2000,0.5,4.75,JÖ,jord ,,,,,,,,,,,,,,,,,,,,,,,,,,
171,323,1900_1,Stora Blåsjön_1,117533,1996-05-06Z,NA,575,okänd höjdbestämningsmetod,okant,1,2.5,JÖ,jord ,,,,,,,,,,,,,,,,,,,,,,,,,,
172,721198,191_1,Ullånger_1,311921,2020-06-15Z,NA,7.106,GNSS RTK,RH2000,1.01,16,JS,jord ,,,,,,,,,,,,,,,,,,,,,,,,,,
173,721269,191_2,Ullånger_2,312055,2020-06-15Z,NA,12.091,GNSS RTK,RH2000,1.005,20,JS,jord ,,,,,,,,,,,,,,,,,,,,,,,,,,
174,721181,192_1,Bollstabruk_1,311889,2020-06-15Z,NA,55.644,GNSS RTK,RH2000,1.05,20,JÖ,jord ,,,,,,,,,,,,,,,,,,,,,,,,,,
175,721196,193_1,Gnesta_1,311917,2020-06-23Z,NA,16.071,GNSS RTK,RH2000,1.02,22,JS,jord ,,,,,,,,,,,,,,,,,,,,,,,,,,
176,721486,193_2,Gnesta_2,312171,2020-06-23Z,NA,14.495,GNSS RTK,RH2000,0.98,28,JS,jord ,,,,,,,,,,,,,,,,,,,,,,,,,,
177,721225,194_1,Söderköping_1,311973,2020-06-29Z,NA,30.822,GNSS RTK,RH2000,1.14,20.8,JÖ,jord ,,,,,,,,,,,,,,,,,,,,,,,,,,
178,721251,195_1,Hörnefors_1,312021,2020-07-07Z,NA,15.918,GNSS RTK,RH2000,0.98,8.82,JÖ,jord ,,,,,,,,,,,,,,,,,,,,,,,,,,
179,721312,195_2,Hörnefors_2,312137,2020-07-07Z,NA,31.673,GNSS RTK,RH2000,0.76,28.65,JÖ,jord ,,,,,,,,,,,,,,,,,,,,,,,,,,
180,721229,196_1,Sörböle_1,311979,2020-06-28Z,NA,142.391,GNSS RTK,RH2000,1.48,4,JÖ,jord ,,,,,,,,,,,,,,,,,,,,,,,,,,
181,721303,196_2,Sörböle_2,312119,2020-06-28Z,NA,145.643,GNSS RTK,RH2000,0.89,2.92,JÖ,jord ,,,,,,,,,,,,,,,,,,,,,,,,,,
182,721295,197_1,Lökom_1,312103,2020-06-28Z,NA,157.093,GNSS RTK,RH2000,0.87,2.41,JÖ,jord ,,,,,,,,,,,,,,,,,,,,,,,,,,
183,721309,197_2,Lökom_2,312131,2020-06-28Z,NA,121.969,GNSS RTK,RH2000,0.78,6.76,JÖ,jord ,,,,,,,,,,,,,,,,,,,,,,,,,,
184,721476,197_3,Lökom_3,312165,2020-06-28Z,NA,103.001,GNSS RTK,RH2000,0.93,5.25,JÖ,jord ,,,,,,,,,,,,,,,,,,,,,,,,,,
185,721466,198_1,Vännäs_1,312157,2020-06-30Z,NA,123.659,GNSS RTK,RH2000,1.34,7.08,JÖ,jord ,,,,,,,,,,,,,,,,,,,,,,,,,,
186,721292,199_1,Bygdeå_1,312097,2020-07-02Z,NA,32.198,GNSS RTK,RH2000,0.95,12.07,JÖ,jord ,,,,,,,,,,,,,,,,,,,,,,,,,,
187,721274,199_2,Bygdeå_2,312065,2020-07-02Z,NA,31.408,GNSS RTK,RH2000,0.22,2,JÖ,jord ,,,,,,,,,,,,,,,,,,,,,,,,,,
188,721263,199_3,Bygdeå_3,312043,2020-07-02Z,NA,32.083,GNSS RTK,RH2000,0.92,8.08,JÖ,jord ,,,,,,,,,,,,,,,,,,,,,,,,,,
189,721203,199_4,Bygdeå_4,311931,2020-07-02Z,NA,32.011,GNSS RTK,RH2000,0.9,5.08,JÖ,jord ,,,,,,,,,,,,,,,,,,,,,,,,,,
190,721208,199_5,Bygdeå_5,311941,2020-07-02Z,NA,23.454,GNSS RTK,RH2000,0.55,4.05,JÖ,jord ,,,,,,,,,,,,,,,,,,,,,,,,,,
191,2058,20_1,Sala_1,310505,1965-09-24Z,NA,63.553,GNSS RTK,RH2000,0.89,5.75,JÖ,jord ,,,,,,,,,,,,,,,,,,,,,,,,,,
192,2061,20_2,Sala_2,158415,1965-09-24Z,NA,63.49,okänd höjdbestämningsmetod,RH70,0.75,4.3,JÖ,jord ,,,,,,,,,,,,,,,,,,,,,,,,,,
193,792,2000_2,Järvsjö_2,116822,1996-05-05Z,NA,470,okänd höjdbestämningsmetod,okant,1.1,4.5,JÖ,jord ,,,,,,,,,,,,,,,,,,,,,,,,,,
194,696,20007_54,Trestenhult rör,309015,2020-09-10Z,NA,140.6,okänd höjdbestämningsmetod,RH2000,0.45,7.55,JÖ,jord ,,,,,,,,,,,,,,,,,,,,,,,,,,
195,721214,201_1,Gäddvik_1,311953,2020-07-04Z,NA,27.761,GNSS RTK,RH2000,1.34,3.98,JÖ,jord ,,,,,,,,,,,,,,,,,,,,,,,,,,
196,721183,201_2,Gäddvik_2,311893,2020-07-04Z,NA,25.58,GNSS RTK,RH2000,1.37,5.89,JÖ,jord ,,,,,,,,,,,,,,,,,,,,,,,,,,
197,721250,202_1,Hjoggböle_1,312019,2020-07-04Z,NA,69.34,GNSS RTK,RH2000,0.92,4.63,JÖ,jord ,,,,,,,,,,,,,,,,,,,,,,,,,,
198,721294,202_2,Hjoggböle_2,312101,2020-07-04Z,NA,52.957,GNSS RTK,RH2000,0.65,4.07,JÖ,jord ,,,,,,,,,,,,,,,,,,,,,,,,,,
199,721273,203_1,Boden_1,312063,2020-07-04Z,NA,42.082,GNSS RTK,RH2000,1.4,27.16,JÖ,jord ,,,,,,,,,,,,,,,,,,,,,,,,,,
200,721268,203_2,Boden_2,312053,2020-07-04Z,NA,29.209,GNSS RTK,RH2000,0.95,18.49,JÖ,jord ,,,,,,,,,,,,,,,,,,,,,,,,,,
201,730927,204_1,Dannemora_1,312213,2020-07-07Z,NA,26.07,GNSS RTK,RH2000,-0.09,3.6,JÖ,jord ,,,,,,,,,,,,,,,,,,,,,,,,,,
202,721182,205_1,Klöverträsk_1,311891,2020-07-07Z,NA,113.575,GNSS RTK,RH2000,1.23,5.95,JÖ,jord ,,,,,,,,,,,,,,,,,,,,,,,,,,
203,721240,205_2,Klöverträsk_2,311999,2020-07-07Z,NA,96.797,GNSS RTK,RH2000,1.18,5.28,JÖ,jord ,,,,,,,,,,,,,,,,,,,,,,,,,,
204,721458,206_1,Lilla_Edet_1,312153,2020-09-04Z,NA,31.2,okänd höjdbestämningsmetod,RH2000,0.98,25.5,JS,jord ,,,,,,,,,,,,,,,,,,,,,,,,,,
205,721248,206_2,Lilla_Edet_2,312015,2020-09-04Z,NA,21.29,GNSS RTK,RH2000,0.4,8.5,JS,jord ,,,,,,,,,,,,,,,,,,,,,,,,,,
206,721277,207_1,Sjunnen_1,312071,2020-12-07Z,NA,201.072,GNSS RTK,RH2000,1,6.8,JÖ,jord ,,,,,,,,,,,,,,,,,,,,,,,,,,
207,721473,207_2,Sjunnen_2,312161,2020-12-16Z,NA,196.436,GNSS RTK,RH2000,1.02,5,JÖ,jord ,,,,,,,,,,,,,,,,,,,,,,,,,,
208,721290,208_1,Jönköping_1,312093,2020-10-29Z,NA,145.696,GNSS RTK,RH2000,1,18,JÖ,jord ,,,,,,,,,,,,,,,,,,,,,,,,,,
209,721460,208_2,Jönköping_2,312155,2020-12-02Z,NA,152.606,GNSS RTK,RH2000,1,22,JÖ,jord ,,,,,,,,,,,,,,,,,,,,,,,,,,
210,721402,208_3,Jönköping_3,312149,2020-12-16Z,NA,137.653,GNSS RTK,RH2000,1,18,JÖ,jord ,,,,,,,,,,,,,,,,,,,,,,,,,,
211,721297,209_1,Örkelljunga_1,312107,2020-10-29Z,NA,109.353,GNSS RTK,RH2000,0.89,8,JÖ,jord ,,,,,,,,,,,,,,,,,,,,,,,,,,
212,721226,209_2,Örkelljunga_2,311975,2020-10-29Z,NA,108.056,GNSS RTK,RH2000,0.54,8,JÖ,jord ,,,,,,,,,,,,,,,,,,,,,,,,,,
213,721271,209_3,Örkelljunga_3,312059,2020-10-30Z,NA,107.959,GNSS RTK,RH2000,0.71,8,JÖ,jord ,,,,,,,,,,,,,,,,,,,,,,,,,,
214,2072,21_2,Sigtuna_2,310509,1965-02-19Z,NA,23.887,GNSS RTK,RH2000,1.15,8.8,JÖ,jord ,,,,,,,,,,,,,,,,,,,,,,,,,,
215,721242,210_1,Osby_1,312003,2012-12-08Z,NA,98.248,GNSS RTK,RH2000,0.92,8,JÖ,jord ,,,,,,,,,,,,,,,,,,,,,,,,,,
216,721267,210_2,Osby_2,312051,2020-10-29Z,NA,106.238,GNSS RTK,RH2000,0.79,8,JÖ,jord ,,,,,,,,,,,,,,,,,,,,,,,,,,
217,721304,210_3,Osby_3,312121,2020-10-30Z,NA,107.591,GNSS RTK,RH2000,0.94,6,JÖ,jord ,,,,,,,,,,,,,,,,,,,,,,,,,,
218,2069,2100_1,Nattavaara_1,116536,1996-06-18Z,NA,365,okänd höjdbestämningsmetod,okant,0.8,2.5,JÖ,jord ,,,,,,,,,,,,,,,,,,,,,,,,,,
219,721391,211_1,Rättvik_1,312147,2020-09-25Z,NA,337.039,GNSS RTK,RH2000,1.15,5.73,JÖ,jord ,,,,,,,,,,,,,,,,,,,,,,,,,,
220,721174,211_2,Rättvik_2,311875,2020-09-25Z,NA,326.846,GNSS RTK,RH2000,1.05,4.67,JÖ,jord ,,,,,,,,,,,,,,,,,,,,,,,,,,
221,721259,211_3,Rättvik_3,312035,2020-09-25Z,NA,319.749,GNSS RTK,RH2000,1.12,3.9,JÖ,jord ,,,,,,,,,,,,,,,,,,,,,,,,,,
222,721176,212_1,Långban_1,311879,2020-11-27Z,NA,259.325,GNSS RTK,RH2000,0.5,4,JÖ,jord ,,,,,,,,,,,,,,,,,,,,,,,,,,
223,721210,212_2,Långban_2,311945,2020-11-27Z,NA,264.359,GNSS RTK,RH2000,0.8,6,JÖ,jord ,,,,,,,,,,,,,,,,,,,,,,,,,,
224,721204,212_3,Långban_3,311933,2021-06-23Z,NA,266.81,GNSS RTK,RH2000,1.15,5.2,JX,jord ,,,,,,,,,,,,,,,,,,,,,,,,,,
225,721301,213_1,Stöllet_1,312115,1998-01-01Z,NA,155.326,GNSS RTK,RH2000,0.98,6.8,JÖ,jord ,,,,,,,,,,,,,,,,,,,,,,,,,,
226,721171,213_2,Stöllet_2,311869,2020-11-12Z,NA,276.242,GNSS RTK,RH2000,1.12,6,JÖ,jord ,,,,,,,,,,,,,,,,,,,,,,,,,,
227,721246,213_3,Stöllet_3,312011,2020-11-12Z,NA,296.927,GNSS RTK,RH2000,0.8,6,JÖ,jord ,,,,,,,,,,,,,,,,,,,,,,,,,,
228,721178,214_1,Tanumshede_1,311883,2020-11-27Z,NA,65,GNSS RTK,RH2000,0.9,7,JÖ,jord ,,,,,,,,,,,,,,,,,,,,,,,,,,
229,721205,214_2,Tanumshede_2,311935,2021-08-16Z,NA,60.319,GNSS RTK,RH2000,0.72,4,JX,jord ,,,,,,,,,,,,,,,,,,,,,,,,,,
230,721209,214_3,Tanumshede_3,311943,2021-08-16Z,NA,63.335,GNSS RTK,RH2000,0.71,4,JX,jord ,,,,,,,,,,,,,,,,,,,,,,,,,,
231,721302,215_1,Sunne_1,312117,2020-11-27Z,NA,154.871,GNSS RTK,RH2000,1.07,6,JÖ,jord ,,,,,,,,,,,,,,,,,,,,,,,,,,
232,721175,215_2,Sunne_2,311877,2020-11-27Z,NA,186.794,GNSS RTK,RH2000,1.04,6,JÖ,jord ,,,,,,,,,,,,,,,,,,,,,,,,,,
233,721170,216_1,Hyltebruk_1,311867,2020-11-27Z,NA,137.561,GNSS RTK,RH2000,0.9,8,JÖ,jord ,,,,,,,,,,,,,,,,,,,,,,,,,,
234,721188,216_2,Hyltebruk_2,311903,2020-11-27Z,NA,136,okänd höjdbestämningsmetod,RH2000,0.7,6,JÖ,jord ,,,,,,,,,,,,,,,,,,,,,,,,,,
235,721211,216_3,Hyltebruk_3,311947,2021-07-12Z,NA,131.172,GNSS RTK,RH2000,1.05,8,JÖ,jord ,,,,,,,,,,,,,,,,,,,,,,,,,,
236,721217,216_4,Hyltebruk_4,311959,2021-07-12Z,NA,136.554,GNSS RTK,RH2000,0.9,4,JÖ,jord ,,,,,,,,,,,,,,,,,,,,,,,,,,
237,721216,217_1,Fjällveden_1,311957,2020-11-18Z,NA,55.61,GNSS RTK,RH2000,0.09,20,BÖ,berg ,,,,,,,,,,,,,,,,,,,,,,,,,,
238,721231,217_2,Fjällveden_2,311983,2020-11-19Z,NA,57.61,GNSS RTK,RH2000,0.62,20,BÖ,berg ,,,,,,,,,,,,,,,,,,,,,,,,,,
239,721280,218_1,Borlänge_1,312077,2020-11-25Z,NA,112.862,GNSS RTK,RH2000,0.95,9.05,JS,jord ,,,,,,,,,,,,,,,,,,,,,,,,,,
240,721215,219_1,Fulan_1,311955,2020-12-07Z,NA,438.54,GNSS RTK,RH2000,1.39,9.21,JÖ,jord ,,,,,,,,,,,,,,,,,,,,,,,,,,
241,721282,220_1,Örnsköldsvik_1,312081,2020-11-11Z,NA,118.16,GNSS RTK,RH2000,1.498,60,BÖ,berg ,,,,,,,,,,,,,,,,,,,,,,,,,,
242,721173,220_2,Örnsköldsvik_2,311873,2020-11-11Z,NA,115.16,GNSS RTK,RH2000,0.58,90,BÖ,berg ,,,,,,,,,,,,,,,,,,,,,,,,,,
243,721284,220_3,Örnsköldsvik_3,312085,2020-11-11Z,NA,104.59,GNSS RTK,RH2000,0.62,43,BÖ,berg ,,,,,,,,,,,,,,,,,,,,,,,,,,
244,721191,222_2,Laxemar_2,311909,2020-11-09Z,NA,23.91,GNSS RTK,RH2000,0.46,102,BÖ,berg ,,,,,,,,,,,,,,,,,,,,,,,,,,
245,721275,222_3,Laxemar_3,312067,2020-11-10Z,NA,19.7,GNSS RTK,RH2000,0.26,130,BÖ,berg ,,,,,,,,,,,,,,,,,,,,,,,,,,
246,721298,223_1,Nybro_1,312109,2020-11-03Z,NA,198.579,GNSS RTK,RH2000,0.89,66,BÖ,berg ,,,,,,,,,,,,,,,,,,,,,,,,,,
247,721230,223_2,Nybro_2,311981,2020-11-03Z,NA,192.75,GNSS RTK,RH2000,0.86,100,BÖ,berg ,,,,,,,,,,,,,,,,,,,,,,,,,,
248,721184,224_2,Stenungsund_2,338282,2020-12-22Z,NA,124.206,GNSS RTK,RH2000,0.13,NA,BX,berg ,,,,,,,,,,,,,,,,,,,,,,,,,,
249,823833,225_2,Sudret_Langmyr_2,373783,2023-04-28Z,NA,11.36,GNSS RTK,RH2000,1.07,4,JÖ,jord ,,,,,,,,,,,,,,,,,,,,,,,,,,
250,823821,225_3,Sudret_Langmyr_3,373777,2023-04-28Z,NA,11.2,GNSS RTK,RH2000,0.66,4,JÖ,jord ,,,,,,,,,,,,,,,,,,,,,,,,,,
251,823825,225_4,Sudret_Langmyr_4,373791,2023-04-28Z,NA,10.58,GNSS RTK,RH2000,0.42,2,JÖ,jord ,,,,,,,,,,,,,,,,,,,,,,,,,,
252,823819,225_7,Sudret_Langmyr_7,373785,2023-04-28Z,NA,11.55,GNSS RTK,RH2000,0.96,3,JÖ,jord ,,,,,,,,,,,,,,,,,,,,,,,,,,
253,823827,226_1,Sudret_Långmyre_1,373779,2023-04-28Z,NA,12.4,GNSS RTK,RH2000,0.67,4,JÖ,jord ,,,,,,,,,,,,,,,,,,,,,,,,,,
254,823820,226_2,Sudret_Långmyre_2,373801,2023-04-28Z,NA,13,GNSS RTK,RH2000,0.44,5,JÖ,jord ,,,,,,,,,,,,,,,,,,,,,,,,,,
255,823824,226_6,Sudret_Långmyre_6,373789,2023-04-28Z,NA,13.28,GNSS RTK,RH2000,1.39,5,JÖ,jord ,,,,,,,,,,,,,,,,,,,,,,,,,,
256,823822,227_1,Sudret_Päuksanden_1,373775,2023-04-28Z,NA,13.46,GNSS RTK,RH2000,0.92,4,JÖ,jord ,,,,,,,,,,,,,,,,,,,,,,,,,,
257,823830,227_5,Sudret_Päuksanden_5,373795,2023-04-28Z,NA,12.5,GNSS RTK,RH2000,0.66,5,JÖ,jord ,,,,,,,,,,,,,,,,,,,,,,,,,,
258,823823,228_1,Sjöbo_1,373787,2023-05-26Z,NA,NA,GNSS RTK,RH2000,1.08,21,JÖ,jord ,,,,,,,,,,,,,,,,,,,,,,,,,,
259,823829,228_11,Sjöbo_11,373781,2023-05-26Z,NA,36.7,GNSS RTK,RH2000,0.32,79,BS,berg ,,,,,,,,,,,,,,,,,,,,,,,,,,
260,823831,228_19,Sjöbo_19,373797,2023-05-26Z,NA,41.3,GNSS RTK,RH2000,0.13,33,BS,berg ,,,,,,,,,,,,,,,,,,,,,,,,,,
261,823832,228_6,Sjöbo_6,373799,2023-05-26Z,NA,48.4,GNSS RTK,RH2000,1.36,72,JS,jord ,,,,,,,,,,,,,,,,,,,,,,,,,,
262,990436,229_1,Krångede_1,374847,2023-06-01Z,NA,209.936,GNSS RTK,RH2000,1.05,16,JS,jord ,,,,,,,,,,,,,,,,,,,,,,,,,,
263,990435,229_2,Krångede_2,374849,2023-06-01Z,NA,211.958,GNSS RTK,RH2000,1.03,16,JS,jord ,,,,,,,,,,,,,,,,,,,,,,,,,,
264,990439,229_3,Krångede_3,374837,2023-06-01Z,NA,210.064,GNSS RTK,RH2000,1.3,16,JS,jord ,,,,,,,,,,,,,,,,,,,,,,,,,,
265,2095,23_20,Tärnsjö_20,158394,1971-05-14Z,NA,81.866,GNSS RTK,RH2000,1.25,10.93,JÖ,jord ,,,,,,,,,,,,,,,,,,,,,,,,,,
266,2096,23_21,Tärnsjö_21,310513,1971-05-14Z,NA,81.727,GNSS RTK,RH2000,1.25,3.02,JÖ,jord ,,,,,,,,,,,,,,,,,,,,,,,,,,
267,2098,23_23,Tärnsjö_23,310515,1971-07-02Z,NA,68.597,GNSS RTK,RH2000,0.77,44.5,BÖ,berg ,,,,,,,,,,,,,,,,,,,,,,,,,,
268,2099,23_24,Tärnsjö_24,116811,1971-09-08Z,NA,82.761,GNSS RTK,RH2000,0.65,66.27,BÖ,berg ,,,,,,,,,,,,,,,,,,,,,,,,,,
269,2104,23_29,Tärnsjö_29,158191,1977-12-15Z,NA,81.53,GNSS RTK,RH2000,1,31.3,JÖ,jord ,,,,,,,,,,,,,,,,,,,,,,,,,,
270,2108,23_32,Tärnsjö_32,116818,1987-10-28Z,NA,70.303,GNSS RTK,RH2000,0.7,4.6,JÖ,jord ,,,,,,,,,,,,,,,,,,,,,,,,,,
271,2109,23_33,Tärnsjö_33,116830,1987-10-28Z,NA,59.69,GNSS RTK,RH2000,0.35,3.4,JÖ,jord ,,,,,,,,,,,,,,,,,,,,,,,,,,
272,2111,23_4,Tärnsjö_4,158184,1965-09-26Z,NA,86.365,GNSS RTK,RH2000,1.6,17.9,JÖ,jord ,,,,,,,,,,,,,,,,,,,,,,,,,,
273,990442,230_11,Pajala_11,374841,2023-09-01Z,NA,168.81,GNSS RTK,RH2000,1.27,14,JÖ,jord ,,,,,,,,,,,,,,,,,,,,,,,,,,
274,990444,230_5,Pajala_5,374843,2023-09-01Z,NA,178.23,GNSS RTK,RH2000,1.33,12,JÖ,jord ,,,,,,,,,,,,,,,,,,,,,,,,,,
275,2082,2300_2,Suttarboda_2,117125,1996-10-30Z,NA,85,NA,NA,1.2,3.5,JÖ,jord ,,,,,,,,,,,,,,,,,,,,,,,,,,
276,990434,231_1,Vedborm_1,374831,2023-05-15Z,NA,6.02,GNSS RTK,RH2000,1.07,4,JÖ,jord ,,,,,,,,,,,,,,,,,,,,,,,,,,
277,990438,231_2,Vedborm_2,374833,2023-05-15Z,NA,7.5,GNSS RTK,RH2000,0.95,4,JÖ,jord ,,,,,,,,,,,,,,,,,,,,,,,,,,
278,990441,231_3,Vedborm_3,374835,2023-05-15Z,NA,6.24,GNSS RTK,RH2000,0.925,5,JÖ,jord ,,,,,,,,,,,,,,,,,,,,,,,,,,
279,990440,231_4,Vedborm_4,374839,2023-05-15Z,NA,6.48,GNSS RTK,RH2000,0.68,9.6,JÖ,jord ,,,,,,,,,,,,,,,,,,,,,,,,,,
280,990437,232_1,Bunge_1,374829,2007-05-04Z,NA,50.25,GNSS RTK,RH2000,0.12,67.9,BX,berg ,,,,,,,,,,,,,,,,,,,,,,,,,,
281,990443,232_2,Bunge_2,374845,2007-02-15Z,NA,26.71,höjd mätt med GPS,RH2000,0.5,39,BX,berg ,,,,,,,,,,,,,,,,,,,,,,,,,,
282,2121,24_1,Bollnäs_1,310527,1969-08-29Z,NA,114.26,GNSS RTK,RH2000,0.9,47,JÖ,jord ,,,,,,,,,,,,,,,,,,,,,,,,,,
283,2124,24_6,Bollnäs_6,310529,1969-08-29Z,NA,121.545,GNSS RTK,RH2000,0.3,38.86,JÖ,jord ,,,,,,,,,,,,,,,,,,,,,,,,,,
284,2127,24_9,Bollnäs_9,310533,1990-05-30Z,NA,124.89,GNSS RTK,RH2000,1,7,JÖ,jord ,,,,,,,,,,,,,,,,,,,,,,,,,,
285,2131,2510_1,Gålarmora_1,116667,2000-02-22Z,NA,30,NA,NA,0.9,2.6,JÖ,jord ,,,,,,,,,,,,,,,,,,,,,,,,,,
286,2168,26_2,Torpshammar_2,310543,1967-10-10Z,NA,262.714,GNSS RTK,RH2000,0.5,4.6,JÖ,jord ,,,,,,,,,,,,,,,,,,,,,,,,,,
287,2173,26_24,Torpshammar_24,116944,1969-01-30Z,NA,263.5,GNSS RTK,RH2000,1.05,51.05,BÖ,berg ,,,,,,,,,,,,,,,,,,,,,,,,,,
288,2177,26_28,Torpshammar_28,310545,1970-11-27Z,NA,255.753,GNSS RTK,RH2000,1.6,6.02,JS,jord ,,,,,,,,,,,,,,,,,,,,,,,,,,
289,2178,26_29,Torpshammar_29,310547,1970-10-30Z,NA,284.699,GNSS RTK,RH2000,1.25,4.15,JÖ,jord ,,,,,,,,,,,,,,,,,,,,,,,,,,
290,2185,26_6,Torpshammar_6,310549,1967-10-10Z,NA,251.77,GNSS RTK,RH2000,0.2,4.35,JÖ,jord ,,,,,,,,,,,,,,,,,,,,,,,,,,
291,2186,26_7,Torpshammar_7,158296,1967-10-10Z,NA,252.08,GNSS RTK,RH2000,0.2,4.45,JÖ,jord ,,,,,,,,,,,,,,,,,,,,,,,,,,
292,2188,26_9,Torpshammar_9,310551,1967-10-10Z,NA,285.252,GNSS RTK,RH2000,0.45,2.6,JÖ,jord ,,,,,,,,,,,,,,,,,,,,,,,,,,
293,2206,28_6,Visjövallen_6,310557,1983-10-16Z,NA,615.924,GNSS RTK,RH2000,1.2,7.7,JÖ,jord ,,,,,,,,,,,,,,,,,,,,,,,,,,
294,2207,28_7,Visjövallen_7,310559,1983-10-16Z,NA,618.94,GNSS RTK,RH2000,1.15,5.7,JÖ,jord ,,,,,,,,,,,,,,,,,,,,,,,,,,
295,2208,28_8,Visjövallen_8,310561,1983-10-16Z,NA,636.269,GNSS RTK,RH2000,1.15,3.45,JÖ,jord ,,,,,,,,,,,,,,,,,,,,,,,,,,
296,2209,29_1,Ytterån_1,310563,1968-06-11Z,NA,302.139,GNSS RTK,RH2000,1.3,3.67,JÖ,jord ,,,,,,,,,,,,,,,,,,,,,,,,,,
297,2210,29_10,Ytterån_10,310565,1981-04-27Z,NA,323.579,GNSS RTK,RH2000,1.1,NA,JX,jord ,,,,,,,,,,,,,,,,,,,,,,,,,,
298,2213,29_3,Ytterån_3,310567,1968-06-11Z,NA,309.136,GNSS RTK,RH2000,0.97,6.82,JÖ,jord ,,,,,,,,,,,,,,,,,,,,,,,,,,
299,2215,29_5,Ytterån_5,310569,1968-06-11Z,NA,295.994,GNSS RTK,RH2000,0.8,3.67,JÖ,jord ,,,,,,,,,,,,,,,,,,,,,,,,,,
300,2216,29_6,Ytterån_6,310571,1969-08-16Z,NA,299.351,GNSS RTK,RH2000,0.95,4.5,JÖ,jord ,,,,,,,,,,,,,,,,,,,,,,,,,,
301,2219,29_9,Ytterån_9,158121,1981-04-27Z,NA,304.94,GNSS RTK,RH2000,1.4,7.35,JX,jord ,,,,,,,,,,,,,,,,,,,,,,,,,,
302,3137,3_1,Kristianstad_1,158554,1963-07-19Z,NA,18.879,GNSS RTK,RH2000,0.7,2.9,JÖ,jord ,,,,,,,,,,,,,,,,,,,,,,,,,,
303,3138,3_102,Kristianstad_102,166611,2019-06-05Z,NA,21.083,GNSS RTK,RH2000,0.36,5,JÖ,jord ,,,,,,,,,,,,,,,,,,,,,,,,,,
304,3139,3_103,Kristianstad_103,166610,2019-06-05Z,NA,24.672,GNSS RTK,RH2000,0.94,7.13,JÖ,jord ,,,,,,,,,,,,,,,,,,,,,,,,,,
305,3146,3_2,Kristianstad_2,158193,1970-05-31Z,NA,21.93,GNSS RTK,RH2000,1,7.89,JÖ,jord ,,,,,,,,,,,,,,,,,,,,,,,,,,
306,3151,3_25,Kristianstad_25,311167,1974-09-16Z,NA,21.656,GNSS RTK,RH2000,0.3,63,BS,berg ,,,,,,,,,,,,,,,,,,,,,,,,,,
307,3152,3_26,Kristianstad_26,311169,1974-09-16Z,NA,21.686,GNSS RTK,RH2000,0.9,24.6,JÖ,jord ,,,,,,,,,,,,,,,,,,,,,,,,,,
308,3153,3_3,Kristianstad_3,158734,1970-05-31Z,NA,24.689,GNSS RTK,RH2000,0.85,6.72,JÖ,jord ,,,,,,,,,,,,,,,,,,,,,,,,,,
309,2960,30_10,Sollefteå_10,158609,2016-03-08Z,NA,7.118,GNSS RTK,RH2000,0.64,27.06,JÖ,jord ,,,,,,,,,,,,,,,,,,,,,,,,,,
310,721257,30_11,Sollefteå_11,312031,2020-10-15Z,NA,10.6,GNSS RTK,RH2000,0.87,11.84,JS,jord ,,,,,,,,,,,,,,,,,,,,,,,,,,
311,721177,30_12,Sollefteå_12,311881,2020-10-15Z,NA,10.402,GNSS RTK,RH2000,0.96,11.98,JS,jord ,,,,,,,,,,,,,,,,,,,,,,,,,,
312,721201,30_13,Sollefteå_13,311927,2020-12-08Z,NA,19.646,GNSS RTK,RH2000,1.08,19.6,JS,jord ,,,,,,,,,,,,,,,,,,,,,,,,,,
313,721220,30_14,Sollefteå_14,311963,2020-10-15Z,NA,34.66,okänd höjdbestämningsmetod,RH2000,0.83,36.4,JS,jord ,,,,,,,,,,,,,,,,,,,,,,,,,,
314,2961,30_2,Sollefteå_2,311077,1968-07-01Z,NA,207.493,GNSS RTK,RH2000,0.9,9.5,JÖ,jord ,,,,,,,,,,,,,,,,,,,,,,,,,,
315,2962,30_3,Sollefteå_3,311079,1971-09-11Z,NA,207.948,GNSS RTK,RH2000,0.9,8,JÖ,jord ,,,,,,,,,,,,,,,,,,,,,,,,,,
316,2965,30_9,Sollefteå_9,311081,2016-03-08Z,NA,12.083,GNSS RTK,RH2000,1.41,75,JÖ,jord ,,,,,,,,,,,,,,,,,,,,,,,,,,
317,2972,31_3,Kramfors_3,311091,1968-07-01Z,NA,8.38,okänd höjdbestämningsmetod,RH70,1.15,NA,BÖ,berg ,,,,,,,,,,,,,,,,,,,,,,,,,,
318,2980,32_16,Åsele_16,158756,1974-08-14Z,NA,324.89,GNSS RTK,RH2000,1.1,10.18,JÖ,jord ,,,,,,,,,,,,,,,,,,,,,,,,,,
319,2984,32_20,Åsele_20,311093,1974-08-14Z,NA,326.51,GNSS RTK,RH2000,1.1,3.7,JÖ,jord ,,,,,,,,,,,,,,,,,,,,,,,,,,
320,2986,32_22,Åsele_22,311095,1974-08-14Z,NA,403.439,GNSS RTK,RH2000,0.94,4.57,JÖ,jord ,,,,,,,,,,,,,,,,,,,,,,,,,,
321,2998,33_101,Umeå_101,116565,1982-08-19Z,NA,259.54,okänd höjdbestämningsmetod,RH70,0.7,5,JÖ,jord ,,,,,,,,,,,,,,,,,,,,,,,,,,
322,3000,33_103,Umeå_103,116567,1982-08-19Z,NA,255.94,okänd höjdbestämningsmetod,RH70,0.8,6,JÖ,jord ,,,,,,,,,,,,,,,,,,,,,,,,,,
323,3001,33_104,Umeå_104,116568,1982-08-19Z,NA,253.37,okänd höjdbestämningsmetod,RH70,0.35,4,JÖ,jord ,,,,,,,,,,,,,,,,,,,,,,,,,,
324,3002,33_105,Umeå_105,116569,1982-08-19Z,NA,235.64,okänd höjdbestämningsmetod,RH70,0.4,4,JÖ,jord ,,,,,,,,,,,,,,,,,,,,,,,,,,
325,3004,33_201,Umeå_201,116575,1982-09-01Z,NA,257.07,okänd höjdbestämningsmetod,RH70,0.55,3.7,JÖ,jord ,,,,,,,,,,,,,,,,,,,,,,,,,,
326,3005,33_202,Umeå_202,116574,1982-09-01Z,NA,253.98,okänd höjdbestämningsmetod,RH70,0.6,2.5,JÖ,jord ,,,,,,,,,,,,,,,,,,,,,,,,,,
327,3007,33_4,Umeå_4,158392,1968-07-03Z,NA,69.41,GNSS RTK,RH2000,1.25,9.25,JÖ,jord ,,,,,,,,,,,,,,,,,,,,,,,,,,
328,3008,33_5,Umeå_5,311097,1968-07-03Z,NA,68.743,GNSS RTK,RH2000,0.95,8.95,JÖ,jord ,,,,,,,,,,,,,,,,,,,,,,,,,,
329,3013,34_10,Skellefteå_10,311105,1968-07-05Z,NA,36.982,GNSS RTK,RH2000,1.07,11.32,JÖ,jord ,,,,,,,,,,,,,,,,,,,,,,,,,,
330,3015,34_12,Skellefteå_12,311107,1969-08-31Z,NA,53.595,GNSS RTK,RH2000,1.1,7.4,JÖ,jord ,,,,,,,,,,,,,,,,,,,,,,,,,,
331,3020,34_4,Skellefteå_4,311109,1968-07-05Z,NA,39.195,GNSS RTK,RH2000,1.08,11.01,JÖ,jord ,,,,,,,,,,,,,,,,,,,,,,,,,,
332,3022,34_6,Skellefteå_6,311111,1968-07-05Z,NA,44.166,GNSS RTK,RH2000,0.52,13.55,JÖ,jord ,,,,,,,,,,,,,,,,,,,,,,,,,,
333,3032,35_2,Luleå_2,311123,1968-12-23Z,NA,21.95,GNSS RTK,RH2000,1.1,9,JÖ,jord ,,,,,,,,,,,,,,,,,,,,,,,,,,
334,3043,37_1,Pålkem_1,311133,1968-08-15Z,NA,256.478,GNSS RTK,RH2000,0.15,2.94,JÖ,jord ,,,,,,,,,,,,,,,,,,,,,,,,,,
335,3044,37_10,Pålkem_10,311135,1968-08-15Z,NA,345.572,GNSS RTK,RH2000,0.3,2.96,JÖ,jord ,,,,,,,,,,,,,,,,,,,,,,,,,,
336,3046,37_12,Pålkem_12,311137,1968-08-15Z,NA,289.525,GNSS RTK,RH2000,0.3,2.92,JÖ,jord ,,,,,,,,,,,,,,,,,,,,,,,,,,
337,3048,37_14,Pålkem_14,158711,1968-08-29Z,NA,193.155,GNSS RTK,RH2000,0.3,2.95,JÖ,jord ,,,,,,,,,,,,,,,,,,,,,,,,,,
338,3052,37_18,Pålkem_18,311139,1968-08-16Z,NA,192.086,GNSS RTK,RH2000,0.2,2.97,JÖ,jord ,,,,,,,,,,,,,,,,,,,,,,,,,,
339,3053,37_2,Pålkem_2,311141,1968-08-15Z,NA,256.746,GNSS RTK,RH2000,0.25,2.95,JÖ,jord ,,,,,,,,,,,,,,,,,,,,,,,,,,
340,3064,37_32,Pålkem_32,116517,1968-12-04Z,NA,261.22,GNSS RTK,RH2000,1.2,50,BÖ,berg ,,,,,,,,,,,,,,,,,,,,,,,,,,
341,3066,37_34,Pålkem_34,311143,1969-01-09Z,NA,202.753,GNSS RTK,RH2000,0.6,5.98,JÖ,jord ,,,,,,,,,,,,,,,,,,,,,,,,,,
342,3078,37_45,Pålkem_45,311145,1970-08-18Z,NA,322.159,GNSS RTK,RH2000,1.2,5.89,JÖ,jord ,,,,,,,,,,,,,,,,,,,,,,,,,,
343,3079,37_46,Pålkem_46,311147,1970-08-05Z,NA,309.054,GNSS RTK,RH2000,1.1,4.95,JÖ,jord ,,,,,,,,,,,,,,,,,,,,,,,,,,
344,3081,37_48,Pålkem_48,311149,1970-08-04Z,NA,208.959,GNSS RTK,RH2000,1.2,4.09,JÖ,jord ,,,,,,,,,,,,,,,,,,,,,,,,,,
345,3082,37_49,Pålkem_49,158724,1970-08-19Z,NA,167.873,GNSS RTK,RH2000,1.2,6.08,JÖ,jord ,,,,,,,,,,,,,,,,,,,,,,,,,,
346,3106,38_6,Svappavaara_6,158577,1968-07-10Z,NA,320.251,GNSS RTK,RH2000,1.6,5.2,JÖ,jord ,,,,,,,,,,,,,,,,,,,,,,,,,,
347,3107,38_7,Svappavaara_7,158899,1968-07-10Z,NA,320.523,GNSS RTK,RH2000,1.2,7.6,JÖ,jord ,,,,,,,,,,,,,,,,,,,,,,,,,,
348,3111,39_10,Abisko_10,311153,1978-04-30Z,NA,390.124,GNSS RTK,RH2000,0.9,7.1,JÖ,jord ,,,,,,,,,,,,,,,,,,,,,,,,,,
349,3130,39_5,Abisko_5,311155,1974-08-01Z,NA,375.184,GNSS RTK,RH2000,0.8,5.55,JÖ,jord ,,,,,,,,,,,,,,,,,,,,,,,,,,
350,3133,39_8,Abisko_8,311159,1978-04-30Z,NA,366.187,GNSS RTK,RH2000,0.9,7.4,JÖ,jord ,,,,,,,,,,,,,,,,,,,,,,,,,,
351,3345,4_10,Liatorp_10,158316,1968-04-17Z,NA,154.207,GNSS RTK,RH2000,0.39,3.2,JÖ,jord ,,,,,,,,,,,,,,,,,,,,,,,,,,
352,3351,4_12,Liatorp_12,311269,1970-12-05Z,NA,152.838,avvägning,RH2000,1.05,3.47,JÖ,jord ,,,,,,,,,,,,,,,,,,,,,,,,,,
353,3352,4_13,Liatorp_13,311271,1970-12-05Z,NA,155.263,GNSS RTK,RH2000,1.05,4.7,JÖ,jord ,,,,,,,,,,,,,,,,,,,,,,,,,,
354,3353,4_2,Liatorp_2,311273,1970-12-05Z,NA,153.849,GNSS RTK,RH2000,1.06,5.41,JÖ,jord ,,,,,,,,,,,,,,,,,,,,,,,,,,
355,3354,4_3,Liatorp_3,311275,1970-12-05Z,NA,153.827,GNSS RTK,RH2000,1.05,6.63,JÖ,jord ,,,,,,,,,,,,,,,,,,,,,,,,,,
356,3355,4_4,Liatorp_4,311277,1970-12-05Z,NA,152.46,GNSS RTK,RH2000,1.01,4.55,JÖ,jord ,,,,,,,,,,,,,,,,,,,,,,,,,,
357,3358,4_7,Liatorp_7,311279,1968-04-17Z,NA,154.707,GNSS RTK,RH2000,0.44,4.16,JÖ,jord ,,,,,,,,,,,,,,,,,,,,,,,,,,
358,3250,41_1,Sandhammaren_1,117586,1970-12-15Z,NA,4.111,GNSS RTK,RH2000,1.1,5.62,JÖ,jord ,,,,,,,,,,,,,,,,,,,,,,,,,,
359,3251,41_2,Sandhammaren_2,311207,1970-12-15Z,NA,5.494,GNSS RTK,RH2000,1.15,8.34,JÖ,jord ,,,,,,,,,,,,,,,,,,,,,,,,,,
360,3254,41_5,Sandhammaren_5,311209,1970-12-15Z,NA,23.858,GNSS RTK,RH2000,1.1,6.65,JS,jord ,,,,,,,,,,,,,,,,,,,,,,,,,,
361,3255,41_6,Sandhammaren_6,158604,1970-12-15Z,NA,27.244,GNSS RTK,RH2000,1.1,2.95,JÖ,jord ,,,,,,,,,,,,,,,,,,,,,,,,,,
362,3256,41_7,Sandhammaren_7,311211,1970-12-15Z,NA,11.078,GNSS RTK,RH2000,0.9,12.4,JÖ,jord ,,,,,,,,,,,,,,,,,,,,,,,,,,
363,3258,42_1,Arjeplog_1,311213,1971-07-31Z,NA,446.508,GNSS RTK,RH2000,1.4,5.4,JÖ,jord ,,,,,,,,,,,,,,,,,,,,,,,,,,
364,3259,42_10,Arjeplog_10,158495,1971-07-31Z,NA,452.011,GNSS RTK,RH2000,1.3,11.3,JÖ,jord ,,,,,,,,,,,,,,,,,,,,,,,,,,
365,3263,42_2,Arjeplog_2,311215,1971-07-31Z,NA,446.968,GNSS RTK,RH2000,1.1,4.75,JÖ,jord ,,,,,,,,,,,,,,,,,,,,,,,,,,
366,3265,42_3,Arjeplog_3,311219,1971-07-31Z,NA,447.003,GNSS RTK,RH2000,1.3,4.75,JÖ,jord ,,,,,,,,,,,,,,,,,,,,,,,,,,
367,3267,42_5,Arjeplog_5,311221,1971-07-31Z,NA,449.764,GNSS RTK,RH2000,1.3,8.8,JÖ,jord ,,,,,,,,,,,,,,,,,,,,,,,,,,
368,3270,42_8,Arjeplog_8,311223,1971-07-31Z,NA,463.72,GNSS RTK,RH2000,1.3,6.3,JÖ,jord ,,,,,,,,,,,,,,,,,,,,,,,,,,
369,3276,43_1,Stensele_1,311233,1971-08-15Z,NA,395.616,GNSS RTK,RH2000,1.3,9.8,JÖ,jord ,,,,,,,,,,,,,,,,,,,,,,,,,,
370,3281,43_3,Stensele_3,311235,1971-08-15Z,NA,380.086,GNSS RTK,RH2000,1.3,5.1,JÖ,jord ,,,,,,,,,,,,,,,,,,,,,,,,,,
371,3282,43_4,Stensele_4,311237,1971-08-15Z,NA,380.129,GNSS RTK,RH2000,1.3,5.1,JÖ,jord ,,,,,,,,,,,,,,,,,,,,,,,,,,
372,3283,43_5,Stensele_5,311239,1971-08-15Z,NA,378.01,GNSS RTK,RH2000,1.3,3.8,JÖ,jord ,,,,,,,,,,,,,,,,,,,,,,,,,,
373,3284,43_6,Stensele_6,311241,1971-08-15Z,NA,379.801,GNSS RTK,RH2000,1.3,5.15,JÖ,jord ,,,,,,,,,,,,,,,,,,,,,,,,,,
374,3287,43_9,Stensele_9,311243,1971-08-15Z,NA,377.72,GNSS RTK,RH2000,1.5,5.3,JÖ,jord ,,,,,,,,,,,,,,,,,,,,,,,,,,
375,3295,44_3,Bökeberg_3,158267,1974-09-17Z,NA,44.16,okänd höjdbestämningsmetod,RH70,0.135,105,BS,berg ,,,,,,,,,,,,,,,,,,,,,,,,,,
376,3299,45_17,Ströms_Vattudal_17,311255,1972-03-30Z,NA,333.945,GNSS RTK,RH2000,1.5,4,JÖ,jord ,,,,,,,,,,,,,,,,,,,,,,,,,,
377,3304,45_22,Ströms_Vattudal_22,311257,1972-03-30Z,NA,475.512,GNSS RTK,RH2000,1.3,8.93,JÖ,jord ,,,,,,,,,,,,,,,,,,,,,,,,,,
378,3309,46_3,Flåsjön_3,311259,1972-03-01Z,NA,443.461,GNSS RTK,RH2000,1.05,5.05,JÖ,jord ,,,,,,,,,,,,,,,,,,,,,,,,,,
379,3320,48_11,Ormsjön_11,311261,1972-02-15Z,NA,333.01,GNSS RTK,RH2000,1.05,8.62,JÖ,jord ,,,,,,,,,,,,,,,,,,,,,,,,,,
380,3321,48_23,Ormsjön_23,158218,1972-02-15Z,NA,288.026,GNSS RTK,RH2000,1.05,7.01,JÖ,jord ,,,,,,,,,,,,,,,,,,,,,,,,,,
381,3336,49_41,Malgomaj_41,311263,1972-01-17Z,NA,354.516,GNSS RTK,RH2000,1,7,JÖ,jord ,,,,,,,,,,,,,,,,,,,,,,,,,,
382,3339,49_44,Malgomaj_44,311265,1972-04-30Z,NA,387.38,GNSS RTK,RH2000,1.4,7.16,JÖ,jord ,,,,,,,,,,,,,,,,,,,,,,,,,,
383,3340,49_45,Malgomaj_45,311267,1972-04-30Z,NA,370.26,GNSS RTK,RH2000,1.3,4.72,JÖ,jord ,,,,,,,,,,,,,,,,,,,,,,,,,,
384,3595,5_1,Emmaboda_1,158177,1962-09-16Z,NA,123.109,GNSS RTK,RH2000,1.1,3.7,JÖ,jord ,,,,,,,,,,,,,,,,,,,,,,,,,,
385,3602,5_21,Emmaboda_21,165302,2019-05-10Z,NA,121.72,GNSS RTK,RH2000,1.03,6,JÖ,jord ,,,,,,,,,,,,,,,,,,,,,,,,,,
386,3416,50_11,Mora_11,158704,1973-10-01Z,NA,268.35,GNSS RTK,RH2000,0.84,5.69,JÖ,jord ,,,,,,,,,,,,,,,,,,,,,,,,,,
387,3417,50_12,Mora_12,311307,1973-10-15Z,NA,260.326,GNSS RTK,RH2000,1.2,5.05,JÖ,jord ,,,,,,,,,,,,,,,,,,,,,,,,,,
388,3423,50_6,Mora_6,158400,1973-06-05Z,NA,256.445,GNSS RTK,RH2000,1.3,8.87,JÖ,jord ,,,,,,,,,,,,,,,,,,,,,,,,,,
389,3364,50000_1,Ronehamn_1,158844,2014-06-04Z,NA,NA,okänd höjdbestämningsmetod,RH70,0.3,27,BÖ,berg ,,,,,,,,,,,,,,,,,,,,,,,,,,
390,3365,50000_10,Örbacken_10,158507,2014-11-21Z,NA,NA,okänd höjdbestämningsmetod,RH70,NA,NA,JX,jord ,,,,,,,,,,,,,,,,,,,,,,,,,,
391,998777,50000_100,Ire_100,393625,2024-01-16Z,NA,103,NA,RH2000,0.74,3,JÖ,jord ,,,,,,,,,,,,,,,,,,,,,,,,,,
392,3366,50000_11,Glipe_11,158228,2011-08-31Z,NA,13.83,okänd höjdbestämningsmetod,RH70,0.42,18.5,JÖ,jord ,,,,,,,,,,,,,,,,,,,,,,,,,,
393,721483,50000_12,50000_12,312169,2017-02-22Z,NA,168.438,GNSS RTK,RH2000,1.07,14.67,JÖ,jord ,,,,,,,,,,,,,,,,,,,,,,,,,,
394,3369,50000_15,Molyckan_15,158461,2002-09-17Z,NA,205.631,GNSS RTK,RH2000,1.01,13.5,JÖ,jord ,,,,,,,,,,,,,,,,,,,,,,,,,,
395,3371,50000_17,Vetlanda_17,158271,2015-11-21Z,NA,NA,NA,NA,0.6,6.9,JÖ,jord ,,,,,,,,,,,,,,,,,,,,,,,,,,
396,3372,50000_18,Fjälkinge_18,158551,2015-06-30Z,NA,NA,NA,NA,-0.1,80,BÖ,berg ,,,,,,,,,,,,,,,,,,,,,,,,,,
397,3373,50000_19,Hallandsås_19,158487,2015-08-20Z,NA,181.13,NA,NA,0.3,48,BÖ,berg ,,,,,,,,,,,,,,,,,,,,,,,,,,
398,3374,50000_2,Lauter_1,158590,2014-06-04Z,NA,NA,NA,NA,0.2,22,BÖ,berg ,,,,,,,,,,,,,,,,,,,,,,,,,,
399,3375,50000_20,Hallandsås_20,158718,2015-07-01Z,NA,152.144,GNSS RTK,RH2000,0.25,55,BÖ,berg ,,,,,,,,,,,,,,,,,,,,,,,,,,
400,3376,50000_21,Pålamalm_21,158471,2016-04-15Z,NA,59.33,okänd höjdbestämningsmetod,RH70,0.85,15.9,JÖ,jord ,,,,,,,,,,,,,,,,,,,,,,,,,,
401,3377,50000_22,Taberg_22,158313,2016-12-20Z,NA,218.989,GNSS RTK,RH2000,0.85,6.55,JÖ,jord ,,,,,,,,,,,,,,,,,,,,,,,,,,
402,3378,50000_23,Mulseryd_23,158189,2016-10-28Z,NA,194.837,GNSS RTK,RH2000,0.85,19.4,JÖ,jord ,,,,,,,,,,,,,,,,,,,,,,,,,,
403,3379,50000_24,Hjältevad_24,158463,2014-10-11Z,NA,169.905,GNSS RTK,RH2000,0.83,6.6,JÖ,jord ,,,,,,,,,,,,,,,,,,,,,,,,,,
404,3380,50000_25,Sunneränga_25,311289,2016-12-20Z,NA,187.691,GNSS RTK,RH2000,0.78,27.3,JÖ,jord ,,,,,,,,,,,,,,,,,,,,,,,,,,
405,3381,50000_26,När_26,158977,2016-03-11Z,NA,NA,NA,NA,0.61,14,BX,berg ,,,,,,,,,,,,,,,,,,,,,,,,,,
406,3382,50000_27,Endre_27,311291,2016-03-11Z,NA,NA,NA,NA,0.32,NA,BX,berg ,,,,,,,,,,,,,,,,,,,,,,,,,,
407,3383,50000_28,Hejnum_riddare_28,159077,2016-03-11Z,NA,NA,NA,NA,0.3,130,BÖ,berg ,,,,,,,,,,,,,,,,,,,,,,,,,,
408,3384,50000_29,Nisseviken_29,159087,2017-03-14Z,NA,NA,NA,NA,0.3,NA,BX,berg ,,,,,,,,,,,,,,,,,,,,,,,,,,
409,3385,50000_3,Lauter_2,158693,2014-06-04Z,NA,NA,NA,NA,0.2,27,BÖ,berg ,,,,,,,,,,,,,,,,,,,,,,,,,,
410,3386,50000_30,Hallandsås_30,158639,1993-08-19Z,NA,179.48,GNSS RTK,RH2000,1.3,2.6,JÖ,jord ,,,,,,,,,,,,,,,,,,,,,,,,,,
411,3387,50000_31,Alvesta_31,311293,2014-09-15Z,NA,144.42,GNSS RTK,RH2000,0.61,13.45,JÖ,jord ,,,,,,,,,,,,,,,,,,,,,,,,,,
412,3388,50000_32,Uppvidinge_32,311295,2014-09-15Z,NA,224.696,GNSS RTK,RH2000,1,8.93,JÖ,jord ,,,,,,,,,,,,,,,,,,,,,,,,,,
413,3389,50000_33,Ljungby_33,158052,2010-09-20Z,NA,132.273,avvägning,RH2000,0.9,13.9,JÖ,jord ,,,,,,,,,,,,,,,,,,,,,,,,,,
414,3390,50000_34,Ljungby_34,159072,2017-06-28Z,NA,136.531,GNSS RTK,RH2000,0.86,11.85,JÖ,jord ,,,,,,,,,,,,,,,,,,,,,,,,,,
415,3391,50000_35,Nöre_35,158570,2017-10-30Z,NA,174.9,GNSS RTK,RH2000,0.88,11.9,JÖ,jord ,,,,,,,,,,,,,,,,,,,,,,,,,,
416,3392,50000_36,Haga_36,158108,2017-10-31Z,NA,166.404,GNSS RTK,RH2000,0.88,15.9,JÖ,jord ,,,,,,,,,,,,,,,,,,,,,,,,,,
417,3393,50000_37,Rya_37,158004,2004-06-17Z,NA,90.38,GNSS RTK,RH2000,0.92,19.9,JÖ,jord ,,,,,,,,,,,,,,,,,,,,,,,,,,
418,3394,50000_38,Erske_38,158036,2004-10-13Z,NA,84.465,GNSS RTK,RH2000,0.92,23.9,JÖ,jord ,,,,,,,,,,,,,,,,,,,,,,,,,,
419,3395,50000_39,Finnanäs_39,159278,2014-10-10Z,NA,NA,NA,NA,0,NA,JX,jord ,,,,,,,,,,,,,,,,,,,,,,,,,,
420,3396,50000_4,Ljugarn_4,158923,2015-06-11Z,NA,NA,NA,NA,0.14,45,BÖ,berg ,,,,,,,,,,,,,,,,,,,,,,,,,,
421,3397,50000_40,Värnamo_40,159281,2014-09-24Z,NA,NA,okänd höjdbestämningsmetod,okant,0,NA,JX,jord ,,,,,,,,,,,,,,,,,,,,,,,,,,
422,3398,50000_42,Vrigstad_42,159271,2015-10-01Z,NA,NA,NA,NA,0,NA,JX,jord ,,,,,,,,,,,,,,,,,,,,,,,,,,
423,3399,50000_43,Rådaåsen_43,311297,2019-02-06Z,NA,58.15,avvägning,RH2000,0.85,19.85,JÖ,jord ,,,,,,,,,,,,,,,,,,,,,,,,,,
424,3400,50000_44,Kolarp_44,311299,2019-02-05Z,NA,153.16,avvägning,RH2000,0.9,11.9,JÖ,jord ,,,,,,,,,,,,,,,,,,,,,,,,,,
425,3402,50000_46,Älgarås_46,311303,2019-02-05Z,NA,126.85,höjd mätt med GPS,RH70,0.9,5.9,JÖ,jord ,,,,,,,,,,,,,,,,,,,,,,,,,,
426,3403,50000_47,Hagebyhöga_47,165204,2019-04-15Z,NA,NA,NA,NA,0.54,2,JX,jord ,,,,,,,,,,,,,,,,,,,,,,,,,,
427,3404,50000_48,Hagebyhöga_48,165213,2019-04-15Z,NA,NA,NA,NA,0.74,2,JX,jord ,,,,,,,,,,,,,,,,,,,,,,,,,,
428,3405,50000_49,Hagebyhöga_49,165188,2019-04-22Z,NA,NA,NA,NA,0.73,2,JX,jord ,,,,,,,,,,,,,,,,,,,,,,,,,,
429,3406,50000_5,Flyinge_5,158022,2007-10-04Z,NA,24.84,Differentiell GPS,RH70,0.9,19.9,JÖ,jord ,,,,,,,,,,,,,,,,,,,,,,,,,,
430,3407,50000_50,Forstjärnberget_50,179924,2018-06-15Z,NA,50,höjd mätt med GPS,RH00,1,6,JÖ,jord ,,,,,,,,,,,,,,,,,,,,,,,,,,
431,721168,50000_51,Lagmansro_51,311863,2020-03-31Z,NA,NA,NA,NA,0.89,2,JÖ,jord ,,,,,,,,,,,,,,,,,,,,,,,,,,
432,721169,50000_52,Lagmansro_52,311865,2020-03-31Z,NA,NA,NA,NA,0.85,2,JÖ,jord ,,,,,,,,,,,,,,,,,,,,,,,,,,
433,730922,50000_53,Nyköping_53,312205,2020-08-17Z,NA,22,okänd höjdbestämningsmetod,okant,1,20,JÖ,jord ,,,,,,,,,,,,,,,,,,,,,,,,,,
434,730923,50000_54,Valla_54,312207,2020-08-17Z,NA,32,okänd höjdbestämningsmetod,okant,0.93,7.33,JÖ,jord ,,,,,,,,,,,,,,,,,,,,,,,,,,
435,730924,50000_55,Valla_55,312209,2020-08-17Z,NA,23,okänd höjdbestämningsmetod,okant,0.93,5.27,JÖ,jord ,,,,,,,,,,,,,,,,,,,,,,,,,,
436,730925,50000_56,Merlänna_56,312211,2020-08-17Z,NA,39,NA,okant,1.63,9.62,JÖ,jord ,,,,,,,,,,,,,,,,,,,,,,,,,,
437,730928,50000_57,Silverdalen_57,312215,2020-11-03Z,NA,114.276,GNSS RTK,RH2000,0.95,4,JX,jord ,,,,,,,,,,,,,,,,,,,,,,,,,,
438,730929,50000_58,Mörlunda_58,312217,2020-11-03Z,NA,92.861,GNSS RTK,RH2000,0.98,5,JX,jord ,,,,,,,,,,,,,,,,,,,,,,,,,,
439,730930,50000_59,Jernforsen_59,312219,2020-11-03Z,NA,98.631,GNSS RTK,RH2000,0.55,5,JX,jord ,,,,,,,,,,,,,,,,,,,,,,,,,,
440,3408,50000_6,Bjäre_Glimminge_6,158547,2014-08-29Z,NA,NA,NA,NA,0.62,74,BX,berg ,,,,,,,,,,,,,,,,,,,,,,,,,,
441,730931,50000_60,Vermagasinet_60,312221,2020-11-03Z,NA,81.206,GNSS RTK,RH2000,0.95,6.2,JX,jord ,,,,,,,,,,,,,,,,,,,,,,,,,,
442,730932,50000_61,Storebro_61,312223,2020-11-03Z,NA,107.693,GNSS RTK,RH2000,0.88,6,JX,jord ,,,,,,,,,,,,,,,,,,,,,,,,,,
443,730933,50000_62,Gamleby_62,312225,2020-11-03Z,NA,8.508,GNSS RTK,RH2000,1.01,7,JX,jord ,,,,,,,,,,,,,,,,,,,,,,,,,,
444,730934,50000_63,Trekanten_63,312227,2020-11-03Z,NA,16.262,GNSS RTK,RH2000,1.15,4,JX,jord ,,,,,,,,,,,,,,,,,,,,,,,,,,
445,730935,50000_64,Gösjökulla_64,312229,2020-11-03Z,NA,94.39,GNSS RTK,RH2000,0.96,4.1,JX,jord ,,,,,,,,,,,,,,,,,,,,,,,,,,
446,730936,50000_65,Hultsfred_65,312231,2020-11-03Z,NA,100.808,GNSS RTK,RH2000,1.06,5,JX,jord ,,,,,,,,,,,,,,,,,,,,,,,,,,
447,730938,50000_67,Forshult_67,312235,2020-11-03Z,NA,NA,NA,NA,1,12.8,JX,jord ,,,,,,,,,,,,,,,,,,,,,,,,,,
448,730939,50000_68,Björnhult_68,312237,2020-11-03Z,NA,NA,NA,NA,1,12.48,JÖ,jord ,,,,,,,,,,,,,,,,,,,,,,,,,,
449,730940,50000_69,Gäddträsk_69,312239,2020-10-27Z,NA,38,höjd mätt med GPS,RH2000,1.2,4.8,JÖ,jord ,,,,,,,,,,,,,,,,,,,,,,,,,,
450,3409,50000_7,Ö_Vemmerlöv_7,142961,2012-05-23Z,2024-06-27Z,NA,NA,NA,1,13,JÖ,jord ,,,,,,,,,,,,,,,,,,,,,,,,,,
451,730941,50000_70,Kvarnudden_70,312241,2020-11-12Z,NA,18,höjd mätt med GPS,RH2000,1.3,4.7,JÖ,jord ,,,,,,,,,,,,,,,,,,,,,,,,,,
452,730937,50000_71,Långforsheden_71,312233,2020-11-17Z,NA,89,höjd mätt med GPS,RH2000,1.2,7.8,JÖ,jord ,,,,,,,,,,,,,,,,,,,,,,,,,,
453,746550,50000_72,Rokliden_72,312243,2020-11-19Z,NA,212,höjd mätt med GPS,RH2000,1.2,3.8,JÖ,jord ,,,,,,,,,,,,,,,,,,,,,,,,,,
454,746551,50000_73,Pounuvaara_73,312245,2020-12-01Z,NA,257,höjd mätt med GPS,RH2000,1.3,5.7,JÖ,jord ,,,,,,,,,,,,,,,,,,,,,,,,,,
455,721187,50000_74,Kilkok_74,344507,2021-07-01Z,NA,150,NA,NA,1.4,15,JÖ,jord ,,,,,,,,,,,,,,,,,,,,,,,,,,
456,721189,50000_75,Stormyran_75,344369,2021-07-05Z,NA,60,NA,NA,1.2,5,JÖ,jord ,,,,,,,,,,,,,,,,,,,,,,,,,,
457,721190,50000_76,Bölsträsk_76,344425,2021-07-02Z,NA,49,NA,NA,0.8,5.5,JÖ,jord ,,,,,,,,,,,,,,,,,,,,,,,,,,
458,721195,50000_77,Lillflötuberget_77,344597,2021-07-02Z,NA,289,NA,NA,0.8,7.5,JÖ,jord ,,,,,,,,,,,,,,,,,,,,,,,,,,
459,721197,50000_78,Kroktjärnsvägen_78,344413,2021-07-01Z,NA,335,NA,NA,1,9,JÖ,jord ,,,,,,,,,,,,,,,,,,,,,,,,,,
460,806155,50000_79,Hemmingstorp_79,363613,2022-05-06Z,NA,NA,NA,NA,0.9,4.8,JÖ,jord ,,,,,,,,,,,,,,,,,,,,,,,,,,
461,3410,50000_8,Kärnamosse_8,158681,2014-06-24Z,NA,NA,NA,NA,0.5,2.2,JX,jord ,,,,,,,,,,,,,,,,,,,,,,,,,,
462,764871,50000_80,Frinnaryd_80,338366,2017-05-04Z,NA,NA,NA,NA,NA,NA,, ,,,,,,,,,,,,,,,,,,,,,,,,,,
463,764870,50000_81,50000_81,338364,2017-05-17Z,NA,NA,NA,NA,NA,NA,, ,,,,,,,,,,,,,,,,,,,,,,,,,,
464,764869,50000_82,Reftele_82,338362,2017-04-27Z,NA,NA,NA,NA,NA,NA,, ,,,,,,,,,,,,,,,,,,,,,,,,,,
465,823812,50000_83,Ala_Ardre_83,373754,2021-06-11Z,NA,NA,NA,NA,0.65,74.65,BX,berg ,,,,,,,,,,,,,,,,,,,,,,,,,,
466,823818,50000_84,Boliden_Granbergsmyr_84,373760,2022-11-03Z,NA,NA,NA,NA,1.21,2,JÖ,jord ,,,,,,,,,,,,,,,,,,,,,,,,,,
467,823816,50000_85,Boliden_Hornsmyran_85,373756,2022-11-03Z,NA,NA,NA,NA,1.15,2,JÖ,jord ,,,,,,,,,,,,,,,,,,,,,,,,,,
468,823817,50000_86,Nordmaling_Torsmyran_86,373758,2022-12-06Z,NA,NA,NA,NA,1.07,2,JÖ,jord ,,,,,,,,,,,,,,,,,,,,,,,,,,
469,995213,50000_87,Markaryd_87,379829,2023-12-11Z,NA,98.086,NA,RH2000,1.09,10,JX,jord ,,,,,,,,,,,,,,,,,,,,,,,,,,
470,998773,50000_88,Sorsele_88,393534,2023-10-06Z,NA,NA,NA,NA,1.1,5.5,JÖ,jord ,,,,,,,,,,,,,,,,,,,,,,,,,,
471,998771,50000_89,Malå_89,393530,2023-10-06Z,NA,NA,NA,NA,1.2,3.9,JÖ,jord ,,,,,,,,,,,,,,,,,,,,,,,,,,
472,3411,50000_9,Kärnamosse_9,158690,2014-06-24Z,NA,NA,NA,NA,0.5,4,JX,jord ,,,,,,,,,,,,,,,,,,,,,,,,,,
473,998772,50000_90,Gargnäs_90,393538,2023-10-12Z,NA,NA,NA,NA,1.2,6.8,JÖ,jord ,,,,,,,,,,,,,,,,,,,,,,,,,,
474,998774,50000_91,Fredrika_91,393536,2024-01-11Z,NA,NA,NA,NA,1.4,4.5,JÖ,jord ,,,,,,,,,,,,,,,,,,,,,,,,,,
475,998775,50000_92,Rusksele_92,393532,2023-10-05Z,NA,NA,NA,NA,1.2,4.8,JÖ,jord ,,,,,,,,,,,,,,,,,,,,,,,,,,
476,998781,50000_93,Ire_93,393627,2024-01-16Z,NA,102,NA,RH2000,0.48,3,JÖ,jord ,,,,,,,,,,,,,,,,,,,,,,,,,,
477,998779,50000_94,Ire_94,393633,2024-01-16Z,NA,102,NA,RH2000,0.63,2,JÖ,jord ,,,,,,,,,,,,,,,,,,,,,,,,,,
478,998784,50000_95,Ire_95,393623,2024-01-16Z,NA,102,NA,RH2000,1.08,2,JÖ,jord ,,,,,,,,,,,,,,,,,,,,,,,,,,
479,998780,50000_96,Ire_96,393635,2024-01-16Z,NA,102,NA,RH2000,0.64,3,JÖ,jord ,,,,,,,,,,,,,,,,,,,,,,,,,,
480,998778,50000_97,Ire_97,393631,2024-01-16Z,NA,102,NA,RH2000,0.25,3,JÖ,jord ,,,,,,,,,,,,,,,,,,,,,,,,,,
481,998783,50000_98,Ire_98,393629,2024-01-16Z,NA,103,NA,RH2000,0.4,2,JÖ,jord ,,,,,,,,,,,,,,,,,,,,,,,,,,
482,998782,50000_99,Ire_99,393637,2024-01-16Z,NA,102,NA,RH2000,1.08,2,JÖ,jord ,,,,,,,,,,,,,,,,,,,,,,,,,,
483,3412,50500_1,Ulvsta_1,311305,2016-02-28Z,NA,55.8,höjd från 2m höjddatabas,RH2000,0.18,4.69,JS,jord ,,,,,,,,,,,,,,,,,,,,,,,,,,
484,3447,52_11,Kungsbacka_11,311313,1970-08-13Z,NA,42.707,GNSS RTK,RH2000,0.6,16.4,JS,jord ,,,,,,,,,,,,,,,,,,,,,,,,,,
485,3449,52_13,Kungsbacka_13,158566,1970-08-13Z,NA,42.68,GNSS RTK,RH2000,0.95,8.5,JS,jord ,,,,,,,,,,,,,,,,,,,,,,,,,,
486,3450,52_14,Kungsbacka_14,311315,1970-08-13Z,NA,44.539,GNSS RTK,RH2000,1.05,8.5,JS,jord ,,,,,,,,,,,,,,,,,,,,,,,,,,
487,3451,52_2,Kungsbacka_2,158638,1970-08-13Z,NA,54.13,GNSS RTK,RH2000,1.15,6.95,JÖ,jord ,,,,,,,,,,,,,,,,,,,,,,,,,,
488,3457,52_8,Kungsbacka_8,311317,1970-08-13Z,NA,47.217,GNSS RTK,RH2000,2,15,JS,jord ,,,,,,,,,,,,,,,,,,,,,,,,,,
489,3458,52_9,Kungsbacka_9,311319,1970-08-13Z,NA,59.855,GNSS RTK,RH2000,1,8,JS,jord ,,,,,,,,,,,,,,,,,,,,,,,,,,
490,3460,53_10,Kungälv_10,311321,1971-07-29Z,NA,15.839,GNSS RTK,RH2000,0.9,10,JS,jord ,,,,,,,,,,,,,,,,,,,,,,,,,,
491,3463,53_11,Kungälv_11,311323,1971-07-29Z,NA,21.05,GNSS RTK,RH2000,1.6,6,JÖ,jord ,,,,,,,,,,,,,,,,,,,,,,,,,,
492,3467,53_15,Kungälv_15,311325,1991-08-01Z,NA,27.538,GNSS RTK,RH2000,0.5,2.55,JS,jord ,,,,,,,,,,,,,,,,,,,,,,,,,,
493,3470,53_3,Kungälv_3,311327,1971-06-18Z,NA,15.483,GNSS RTK,RH2000,1.25,15,JS,jord ,,,,,,,,,,,,,,,,,,,,,,,,,,
494,3472,53_5,Kungälv_5,311329,1971-06-18Z,NA,11.438,GNSS RTK,RH2000,1.3,31,JS,jord ,,,,,,,,,,,,,,,,,,,,,,,,,,
495,3473,53_6,Kungälv_6,311331,1971-06-18Z,NA,10.696,GNSS RTK,RH2000,1.05,NA,JS,jord ,,,,,,,,,,,,,,,,,,,,,,,,,,
496,3474,53_7,Kungälv_7,311333,1971-06-18Z,NA,6.769,GNSS RTK,RH2000,1.2,15,JS,jord ,,,,,,,,,,,,,,,,,,,,,,,,,,
497,3477,54_1,Lerum_1,311335,1970-12-17Z,NA,104.144,GNSS RTK,RH2000,1.15,3,JÖ,jord ,,,,,,,,,,,,,,,,,,,,,,,,,,
498,3478,54_10,Lerum_10,158560,1970-12-17Z,NA,129,GNSS RTK,RH2000,1.1,3,JÖ,jord ,,,,,,,,,,,,,,,,,,,,,,,,,,
499,3486,54_14,Lerum_14,311337,1970-12-17Z,NA,129.987,GNSS RTK,RH2000,1.1,4,JÖ,jord ,,,,,,,,,,,,,,,,,,,,,,,,,,
500,3492,54_3,Lerum_3,311341,1970-12-17Z,NA,144.394,GNSS RTK,RH2000,0.9,2.4,JS,jord ,,,,,,,,,,,,,,,,,,,,,,,,,,
501,3494,54_5,Lerum_5,311343,1970-12-17Z,NA,171.478,GNSS RTK,RH2000,1.25,6,JS,jord ,,,,,,,,,,,,,,,,,,,,,,,,,,
502,3495,54_6,Lerum_6,311345,1970-12-17Z,NA,96.766,GNSS RTK,RH2000,1,3,JS,jord ,,,,,,,,,,,,,,,,,,,,,,,,,,
503,3497,54_8,Lerum_8,311347,1970-12-17Z,NA,101.705,GNSS RTK,RH2000,1,4,JS,jord ,,,,,,,,,,,,,,,,,,,,,,,,,,
504,3498,54_9,Lerum_9,311349,1966-03-13Z,NA,109.951,GNSS RTK,RH2000,0.5,3,JS,jord ,,,,,,,,,,,,,,,,,,,,,,,,,,
505,3499,55_1,Vaxholm_1,311351,1968-10-07Z,NA,20.567,GNSS RTK,RH2000,1.4,5.46,JS,jord ,,,,,,,,,,,,,,,,,,,,,,,,,,
506,3501,55_11,Vaxholm_11,311353,1968-10-07Z,NA,16.66,GNSS RTK,RH2000,1.3,6.11,JS,jord ,,,,,,,,,,,,,,,,,,,,,,,,,,
507,3502,55_12,Vaxholm_12,158509,1968-10-07Z,NA,20.208,GNSS RTK,RH2000,1.15,7.6,JS,jord ,,,,,,,,,,,,,,,,,,,,,,,,,,
508,3503,55_13,Vaxholm_13,158114,1968-10-07Z,NA,12.34,GNSS RTK,RH2000,0.95,6.15,JS,jord ,,,,,,,,,,,,,,,,,,,,,,,,,,
509,3504,55_14,Vaxholm_14,311355,1968-10-07Z,NA,3.548,GNSS RTK,RH2000,1.1,6.47,JS,jord ,,,,,,,,,,,,,,,,,,,,,,,,,,
510,3507,55_17,Vaxholm_17,311357,1968-10-07Z,NA,4.569,GNSS RTK,RH2000,1.1,5.53,JS,jord ,,,,,,,,,,,,,,,,,,,,,,,,,,
511,3514,55_24,Vaxholm_24,311359,1975-02-14Z,NA,32.518,GNSS RTK,RH2000,1.1,4.2,JÖ,jord ,,,,,,,,,,,,,,,,,,,,,,,,,,
512,3515,55_3,Vaxholm_3,311361,1968-10-07Z,NA,3.439,GNSS RTK,RH2000,1.5,6.1,JS,jord ,,,,,,,,,,,,,,,,,,,,,,,,,,
513,3517,55_5,Vaxholm_5,311363,1968-10-07Z,NA,27.391,GNSS RTK,RH2000,1.3,6.4,JS,jord ,,,,,,,,,,,,,,,,,,,,,,,,,,
514,3522,55_6,Vaxholm_6,311365,1968-10-07Z,NA,27.062,GNSS RTK,RH2000,1.25,5.8,JÖ,jord ,,,,,,,,,,,,,,,,,,,,,,,,,,
515,3523,55_7,Vaxholm_7,311367,1969-01-07Z,NA,4.758,GNSS RTK,RH2000,1.05,9.03,JS,jord ,,,,,,,,,,,,,,,,,,,,,,,,,,
516,3524,55_8,Vaxholm_8,311369,1968-10-07Z,NA,11.279,GNSS RTK,RH2000,1.15,9.45,JS,jord ,,,,,,,,,,,,,,,,,,,,,,,,,,
517,3525,55_9,Vaxholm_9,311371,1968-10-07Z,NA,32.636,GNSS RTK,RH2000,1.2,5.7,JS,jord ,,,,,,,,,,,,,,,,,,,,,,,,,,
518,3537,56_3,Haninge_3,311373,1968-10-09Z,NA,30.509,GNSS RTK,RH2000,1.22,6.2,JÖ,jord ,,,,,,,,,,,,,,,,,,,,,,,,,,
519,3557,57_13,Södertälje_13,311391,1968-12-04Z,NA,29.551,GNSS RTK,RH2000,1.1,8.7,JS,jord ,,,,,,,,,,,,,,,,,,,,,,,,,,
520,3563,57_19,Södertälje_19,311393,1975-10-17Z,NA,16.263,GNSS RTK,RH2000,1.24,4.85,JS,jord ,,,,,,,,,,,,,,,,,,,,,,,,,,
521,3565,57_20,Södertälje_20,311395,1975-10-17Z,NA,14.53,GNSS RTK,RH2000,1.23,5.35,JÖ,jord ,,,,,,,,,,,,,,,,,,,,,,,,,,
522,3545,5700_21,Gammtratten_21,311377,2000-12-18Z,NA,437.5,GNSS RTK,NA,0.68,2.7,JÖ,jord ,,,,,,,,,,,,,,,,,,,,,,,,,,
523,3546,5700_22,Gammtratten_22,311379,2000-11-01Z,NA,437,GNSS RTK,NA,1.47,4.69,JÖ,jord ,,,,,,,,,,,,,,,,,,,,,,,,,,
524,3547,5700_23,Gammtratten_23,311381,2000-12-18Z,NA,438,GNSS RTK,NA,1.34,4.63,JÖ,jord ,,,,,,,,,,,,,,,,,,,,,,,,,,
525,3549,5700_31,Gammtratten_31,311383,2000-11-01Z,NA,434.6,GNSS RTK,NA,1.59,2.65,JÖ,jord ,,,,,,,,,,,,,,,,,,,,,,,,,,
526,3550,5700_32,Gammtratten_32,311385,2000-11-01Z,NA,127.624,GNSS RTK,NA,0.93,2.68,JÖ,jord ,,,,,,,,,,,,,,,,,,,,,,,,,,
527,3551,5700_40,Gammtratten_40,116700,2002-05-21Z,NA,NA,NA,NA,0.7,1.1,JÖ,jord ,,,,,,,,,,,,,,,,,,,,,,,,,,
528,3552,5700_41,Gammtratten_41,311387,2000-11-01Z,NA,421.3,GNSS RTK,NA,0.8,2.5,JX,jord ,,,,,,,,,,,,,,,,,,,,,,,,,,
529,3576,58_1,Ockelbo_1,158171,1977-05-31Z,NA,184.474,GNSS RTK,RH2000,1.3,18.85,JÖ,jord ,,,,,,,,,,,,,,,,,,,,,,,,,,
530,3580,58_5,Ockelbo_5,311397,1986-10-31Z,NA,242.376,GNSS RTK,RH2000,1.1,3.6,JÖ,jord ,,,,,,,,,,,,,,,,,,,,,,,,,,
531,3754,6_23,6_23,311499,1956-11-13Z,NA,16.93,okänd höjdbestämningsmetod,RH70,0.8,NA,JÖ,jord ,,,,,,,,,,,,,,,,,,,,,,,,,,
532,3755,6_24,6_24,311501,1957-06-04Z,NA,41.86,okänd höjdbestämningsmetod,RH70,0.84,NA,JÖ,jord ,,,,,,,,,,,,,,,,,,,,,,,,,,
533,3756,6_25,6_25,311503,1959-06-10Z,NA,62.48,okänd höjdbestämningsmetod,RH70,0.92,NA,JÖ,jord ,,,,,,,,,,,,,,,,,,,,,,,,,,
534,3757,6_26,6_26,311505,1957-10-23Z,NA,52.47,okänd höjdbestämningsmetod,RH70,1.01,NA,JÖ,jord ,,,,,,,,,,,,,,,,,,,,,,,,,,
535,3619,60_10,Motala_10,311419,1975-07-08Z,NA,84.295,GNSS RTK,RH2000,1,37,BS,berg ,,,,,,,,,,,,,,,,,,,,,,,,,,
536,3620,60_11,Motala_11,311421,1975-07-08Z,NA,84.551,GNSS RTK,RH2000,1.3,10.45,JS,jord ,,,,,,,,,,,,,,,,,,,,,,,,,,
537,3621,60_12,Motala_12,311423,1975-07-08Z,NA,84.643,GNSS RTK,RH2000,1.3,4.8,JÖ,jord ,,,,,,,,,,,,,,,,,,,,,,,,,,
538,3623,60_14,Motala_14,311425,1975-07-08Z,NA,84.228,GNSS RTK,RH2000,1.3,12.45,JS,jord ,,,,,,,,,,,,,,,,,,,,,,,,,,
539,3624,60_15,Motala_15,311427,1975-07-08Z,NA,84.264,GNSS RTK,RH2000,1.3,5.7,JS,jord ,,,,,,,,,,,,,,,,,,,,,,,,,,
540,3627,60_30,Motala_30,311429,1975-07-08Z,NA,105.133,GNSS RTK,RH2000,1.2,8.29,JÖ,jord ,,,,,,,,,,,,,,,,,,,,,,,,,,
541,3629,60_32,Motala_32,311431,1975-07-08Z,NA,108.49,GNSS RTK,RH2000,1.3,7.9,JÖ,jord ,,,,,,,,,,,,,,,,,,,,,,,,,,
542,3631,60_34,Motala_34,311433,1975-07-08Z,NA,101.183,GNSS RTK,RH2000,1.3,6.1,JÖ,jord ,,,,,,,,,,,,,,,,,,,,,,,,,,
543,3633,60_40,Motala_40,311435,1975-07-09Z,NA,107.589,GNSS RTK,RH2000,0.8,19,BS,berg ,,,,,,,,,,,,,,,,,,,,,,,,,,
544,3634,60_41,Motala_41,311437,1975-07-09Z,NA,105.94,GNSS RTK,RH2000,0.95,4.8,JÖ,jord ,,,,,,,,,,,,,,,,,,,,,,,,,,
545,3636,60_43,Motala_43,311439,1975-07-09Z,NA,104.76,GNSS RTK,RH2000,1.05,38,BS,berg ,,,,,,,,,,,,,,,,,,,,,,,,,,
546,3637,60_44,Motala_44,311441,1975-07-09Z,NA,104.2,GNSS RTK,RH2000,0.95,4.8,JÖ,jord ,,,,,,,,,,,,,,,,,,,,,,,,,,
547,3638,60_45,Motala_45,311443,1975-07-09Z,NA,104.79,GNSS RTK,RH2000,1.3,3.7,JÖ,jord ,,,,,,,,,,,,,,,,,,,,,,,,,,
548,3639,60_46,Motala_46,158260,1975-07-09Z,NA,94.881,GNSS RTK,RH2000,1.1,4.8,JÖ,jord ,,,,,,,,,,,,,,,,,,,,,,,,,,
549,3643,60_70,Motala_70,311445,1975-08-26Z,NA,122.348,GNSS RTK,RH2000,0.22,226,BS,berg ,,,,,,,,,,,,,,,,,,,,,,,,,,
550,3644,60_71,Motala_71,311447,1975-09-19Z,NA,120.557,GNSS RTK,RH2000,0.25,379.25,BS,berg ,,,,,,,,,,,,,,,,,,,,,,,,,,
551,721161,60_72,Motala_72,311853,2019-10-14Z,NA,110.45,GNSS RTK,RH2000,0.24,90,BS,berg ,,,,,,,,,,,,,,,,,,,,,,,,,,
552,721162,60_73,Motala_73,181986,2020-02-03Z,NA,101.47,GNSS RTK,RH2000,0.33,58,BS,berg ,,,,,,,,,,,,,,,,,,,,,,,,,,
553,3660,62_101,Jokkmokk_101,311449,1981-10-15Z,NA,275.647,GNSS RTK,RH2000,1.4,6.25,JÖ,jord ,,,,,,,,,,,,,,,,,,,,,,,,,,
554,3667,62_3,Jokkmokk_3,311451,1974-10-15Z,NA,256.878,GNSS RTK,RH2000,1.2,5.5,JÖ,jord ,,,,,,,,,,,,,,,,,,,,,,,,,,
555,3681,64_1,Vikbolandet_1,158420,1975-05-13Z,NA,31.968,GNSS RTK,RH2000,1.3,4.2,JÖ,jord ,,,,,,,,,,,,,,,,,,,,,,,,,,
556,3682,64_2,Vikbolandet_2,158589,1975-05-13Z,NA,22.659,GNSS RTK,RH2000,1.3,11.75,JS,jord ,,,,,,,,,,,,,,,,,,,,,,,,,,
557,3686,65_1,Linköping_1,311455,1975-05-01Z,NA,60.483,GNSS RTK,RH2000,1.3,4.85,JS,jord ,,,,,,,,,,,,,,,,,,,,,,,,,,
558,3688,65_2,Linköping_2,311457,1975-05-01Z,NA,64.092,GNSS RTK,RH2000,1.3,5.8,JS,jord ,,,,,,,,,,,,,,,,,,,,,,,,,,
559,3691,65_5,Linköping_5,158314,1975-05-01Z,NA,74.772,GNSS RTK,RH2000,1.26,8,JÖ,jord ,,,,,,,,,,,,,,,,,,,,,,,,,,
560,3692,65_7,Linköping_7,116984,1975-05-01Z,NA,56.3,avvägning,RH70,1.2,7.97,JS,jord ,,,,,,,,,,,,,,,,,,,,,,,,,,
561,3695,66_1,Kinda_1,311459,1975-08-28Z,NA,117.738,GNSS RTK,RH2000,1.2,5.2,JÖ,jord ,,,,,,,,,,,,,,,,,,,,,,,,,,
562,3697,66_3,Kinda_3,158588,1975-08-28Z,NA,120.243,GNSS RTK,RH2000,1.2,4.15,JÖ,jord ,,,,,,,,,,,,,,,,,,,,,,,,,,
563,3698,66_4,Kinda_4,311461,1975-08-28Z,NA,127.982,GNSS RTK,RH2000,1.2,6.2,JÖ,jord ,,,,,,,,,,,,,,,,,,,,,,,,,,
564,3699,66_5,Kinda_5,158332,1975-08-28Z,NA,114.382,GNSS RTK,RH2000,0.58,5.03,JÖ,jord ,,,,,,,,,,,,,,,,,,,,,,,,,,
565,3700,66_6,Kinda_6,311463,1975-08-28Z,NA,118.432,GNSS RTK,RH2000,1.3,8.8,JÖ,jord ,,,,,,,,,,,,,,,,,,,,,,,,,,
566,3701,66_8,Kinda_8,311465,1975-08-28Z,NA,129.99,GNSS RTK,RH2000,1.3,4.85,JÖ,jord ,,,,,,,,,,,,,,,,,,,,,,,,,,
567,721223,67_5,67_5,311969,2020-05-29Z,NA,85.088,GNSS RTK,RH2000,0.45,3.78,JÖ,jord ,,,,,,,,,,,,,,,,,,,,,,,,,,
568,721314,67_6,67_6,312141,2020-05-29Z,NA,83.132,GNSS RTK,RH2000,0.325,7,JS,jord ,,,,,,,,,,,,,,,,,,,,,,,,,,
569,721233,67_7,67_7,311987,2020-05-29Z,NA,82.109,GNSS RTK,RH2000,0.98,NA,JÖ,jord ,,,,,,,,,,,,,,,,,,,,,,,,,,
570,3702,6700_11,Kindlahöjden_11,117360,1997-03-04Z,NA,NA,NA,NA,0.5,2.9,JÖ,jord ,,,,,,,,,,,,,,,,,,,,,,,,,,
571,3703,6700_12,Kindlahöjden_12,117359,1997-03-04Z,NA,NA,NA,NA,0.5,3.9,JÖ,jord ,,,,,,,,,,,,,,,,,,,,,,,,,,
572,3704,6700_21,Kindlahöjden_21,117358,1997-03-04Z,NA,NA,NA,NA,0.5,2.5,JÖ,jord ,,,,,,,,,,,,,,,,,,,,,,,,,,
573,3705,6700_22,Kindlahöjden_22,117357,1997-03-04Z,NA,NA,NA,NA,0.5,3.4,JÖ,jord ,,,,,,,,,,,,,,,,,,,,,,,,,,
574,3706,6700_31,Kindlahöjden_31,117356,2002-11-18Z,NA,NA,NA,NA,0.5,1.6,JÖ,jord ,,,,,,,,,,,,,,,,,,,,,,,,,,
575,3707,6700_32,Kindlahöjden_32,117355,2002-11-18Z,NA,NA,NA,NA,0.45,2.5,JÖ,jord ,,,,,,,,,,,,,,,,,,,,,,,,,,
576,3709,6700_51,Kindlahöjden_51,117363,2003-08-18Z,NA,NA,NA,NA,0.72,1.55,JÖ,jord ,,,,,,,,,,,,,,,,,,,,,,,,,,
577,3710,6700_61,Kindlahöjden_61,117364,2003-08-18Z,NA,NA,NA,NA,0.76,1.56,JÖ,jord ,,,,,,,,,,,,,,,,,,,,,,,,,,
578,3711,6700_71,Kindlahöjden_71,117362,2003-08-18Z,NA,NA,NA,NA,0.64,1.62,JÖ,jord ,,,,,,,,,,,,,,,,,,,,,,,,,,
579,3716,6700_90,Kindlahöjden_90,311467,2017-09-12Z,NA,NA,NA,NA,1.3,2.05,JÖ,jord ,,,,,,,,,,,,,,,,,,,,,,,,,,
580,3725,68_2,Sveg_2,158280,1976-06-24Z,NA,409.393,GNSS RTK,RH2000,1.5,12.3,JÖ,jord ,,,,,,,,,,,,,,,,,,,,,,,,,,
581,3728,68_5,Sveg_5,158371,1976-06-24Z,NA,379.23,GNSS RTK,RH2000,1.5,4.8,JÖ,jord ,,,,,,,,,,,,,,,,,,,,,,,,,,
582,3736,69_10,Lysekil_10,311473,1976-08-21Z,NA,21,okänd höjdbestämningsmetod,okant,0.1,4.65,JÖ,jord ,,,,,,,,,,,,,,,,,,,,,,,,,,
583,3737,69_2,Lysekil_2,158437,1976-11-15Z,NA,37.61,GNSS RTK,RH2000,1.25,6.8,JÖ,jord ,,,,,,,,,,,,,,,,,,,,,,,,,,
584,3738,69_3,Lysekil_3,158445,1977-01-15Z,NA,38.6,GNSS RTK,RH2000,1.3,6.8,JS,jord ,,,,,,,,,,,,,,,,,,,,,,,,,,
585,3924,7_17,Äleklinta_17,158065,2017-06-26Z,NA,9.314,GNSS RTK,RH2000,0.26,37,BÖ,berg ,,,,,,,,,,,,,,,,,,,,,,,,,,
586,3926,7_19,Högsrum_19,158538,2016-12-07Z,NA,43.832,GNSS RTK,RH2000,0.2,60,BÖ,berg ,,,,,,,,,,,,,,,,,,,,,,,,,,
587,3929,7_21,Kleva_21,158212,2016-12-09Z,NA,6.569,GNSS RTK,RH2000,0.19,30,BÖ,berg ,,,,,,,,,,,,,,,,,,,,,,,,,,
588,3932,7_32,Sjöstorp_32,165318,2019-04-25Z,NA,5.992,GNSS RTK,RH2000,0.3,32.2,BÖ,berg ,,,,,,,,,,,,,,,,,,,,,,,,,,
589,3933,7_33,Sjöstorp_33,165324,2019-04-25Z,NA,7.082,GNSS RTK,RH2000,1.27,4,JÖ,jord ,,,,,,,,,,,,,,,,,,,,,,,,,,
590,3934,7_34,Böda_34,165309,2019-04-25Z,NA,8.136,GNSS RTK,RH2000,0.78,4.67,JÖ,jord ,,,,,,,,,,,,,,,,,,,,,,,,,,
591,3935,7_35,Böda_35,165315,2019-05-23Z,NA,7.746,GNSS RTK,RH2000,0.27,8.99,BÖ,berg ,,,,,,,,,,,,,,,,,,,,,,,,,,
592,3936,7_36,Ralla_36,165311,2012-01-15Z,NA,41.97,GNSS RTK,RH2000,0.88,15.9,JÖ,jord ,,,,,,,,,,,,,,,,,,,,,,,,,,
593,3938,7_38,Dorby_38,165321,2019-04-26Z,NA,15.27,GNSS RTK,RH2000,0.96,8,JÖ,jord ,,,,,,,,,,,,,,,,,,,,,,,,,,
594,3939,7_39,Dorby_39,165312,2019-04-26Z,NA,15.333,GNSS RTK,RH2000,0.67,8,JÖ,jord ,,,,,,,,,,,,,,,,,,,,,,,,,,
595,3943,7_7,Böda_7,311537,1968-05-28Z,NA,19.386,GNSS RTK,RH2000,1.15,12,JÖ,jord ,,,,,,,,,,,,,,,,,,,,,,,,,,
596,3945,7_9,Böda_9,311539,1968-05-28Z,NA,17.934,GNSS RTK,RH2000,0.9,10.9,JÖ,jord ,,,,,,,,,,,,,,,,,,,,,,,,,,
597,3765,70_10,Ödskölt_10,158477,1976-09-22Z,NA,160.518,GNSS RTK,RH2000,1,3.85,JÖ,jord ,,,,,,,,,,,,,,,,,,,,,,,,,,
598,3769,70_104,Ödskölt_104,118110,1982-08-15Z,NA,184.91,avvägning,RH70,0.7,3.6,JÖ,jord ,,,,,,,,,,,,,,,,,,,,,,,,,,
599,3772,70_5,Ödskölt_5,158499,1976-09-22Z,NA,155.754,GNSS RTK,RH2000,0.69,7.8,JÖ,jord ,,,,,,,,,,,,,,,,,,,,,,,,,,
600,3774,70_7,Ödskölt_7,158723,1976-09-22Z,NA,152.352,GNSS RTK,RH2000,0.86,11,JÖ,jord ,,,,,,,,,,,,,,,,,,,,,,,,,,
601,3775,70_9,Ödskölt_9,158773,1976-11-15Z,NA,158.982,GNSS RTK,RH2000,1.01,16.4,JÖ,jord ,,,,,,,,,,,,,,,,,,,,,,,,,,
602,3776,71_1,Lefsebäcken_1,158233,1976-11-15Z,NA,110.618,GNSS RTK,RH2000,0.9,3.03,JÖ,jord ,,,,,,,,,,,,,,,,,,,,,,,,,,
603,3777,71_2,Lefsebäcken_2,311521,1976-10-04Z,NA,113.281,GNSS RTK,RH2000,1.13,4.12,JÖ,jord ,,,,,,,,,,,,,,,,,,,,,,,,,,
604,3778,71_3,Lefsebäcken_3,158071,1982-06-30Z,NA,112.541,GNSS RTK,RH2000,1.2,3.95,JÖ,jord ,,,,,,,,,,,,,,,,,,,,,,,,,,
605,3779,71_4,Lefsebäcken_4,158198,1982-06-30Z,NA,127.662,GNSS RTK,RH2000,1.12,4.55,JÖ,jord ,,,,,,,,,,,,,,,,,,,,,,,,,,
606,3782,72_102,Ronneby_102,117167,1983-10-29Z,NA,77.91,avvägning,RH70,0.63,2.7,JÖ,jord ,,,,,,,,,,,,,,,,,,,,,,,,,,
607,3783,72_103,Ronneby_103,117166,1983-10-29Z,NA,80.12,GNSS RTK,RH2000,0.995,6.07,KÖ,kombinerat jord och berg ,,,,,,,,,,,,,,,,,,,,,,,,,,
608,3796,72_21,Ronneby_21,158021,1982-04-30Z,NA,4.002,GNSS RTK,RH2000,1.25,4.1,JÖ,jord ,,,,,,,,,,,,,,,,,,,,,,,,,,
609,3797,72_22,Ronneby_22,158695,1982-04-30Z,NA,7.085,GNSS RTK,RH2000,0.8,4,JÖ,jord ,,,,,,,,,,,,,,,,,,,,,,,,,,
610,3799,72_24,Ronneby_24,311523,1982-04-30Z,NA,8.168,GNSS RTK,RH2000,1.05,5.9,JÖ,jord ,,,,,,,,,,,,,,,,,,,,,,,,,,
611,3800,72_25,Ronneby_25,311525,1982-04-30Z,NA,10.223,GNSS RTK,RH2000,1.05,5.2,JÖ,jord ,,,,,,,,,,,,,,,,,,,,,,,,,,
612,3801,72_26,Ronneby_26,158521,1982-04-30Z,NA,8.488,GNSS RTK,RH2000,1.45,6.2,JÖ,jord ,,,,,,,,,,,,,,,,,,,,,,,,,,
613,3802,72_3,Ronneby_3,158841,1976-07-16Z,NA,5.894,GNSS RTK,RH2000,0.3,5.9,JÖ,jord ,,,,,,,,,,,,,,,,,,,,,,,,,,
614,3815,73_108,73_108,311527,1972-11-01Z,NA,34.546,GNSS RTK,RH2000,0.93,20.25,JS,jord ,,,,,,,,,,,,,,,,,,,,,,,,,,
615,3829,73_122,Enköping_122,158011,1973-11-27Z,NA,8.714,GNSS RTK,RH2000,0.5,7.1,JÖ,jord ,,,,,,,,,,,,,,,,,,,,,,,,,,
616,3870,74_1,Komosse_1,311529,1979-01-20Z,NA,319.255,GNSS RTK,RH2000,0.9,6.25,JÖ,jord ,,,,,,,,,,,,,,,,,,,,,,,,,,
617,3875,74_6,Komosse_6,311531,1985-10-01Z,NA,338.2,avvägning,RH70,0.6,8.95,JÖ,jord ,,,,,,,,,,,,,,,,,,,,,,,,,,
618,3879,75_4,Eskilstuna_4,311533,1985-06-05Z,NA,54.398,GNSS RTK,RH2000,0.95,11.72,JÖ,jord ,,,,,,,,,,,,,,,,,,,,,,,,,,
619,3880,75_5,Eskilstuna_5,158766,1985-06-05Z,NA,46.299,GNSS RTK,RH2000,0.56,5.08,BS,berg ,,,,,,,,,,,,,,,,,,,,,,,,,,
620,3886,7700_11,Aneboda_11,117476,1996-08-13Z,NA,223.7,NA,NA,1.15,3.43,JÖ,jord ,,,,,,,,,,,,,,,,,,,,,,,,,,
621,3887,7700_12,Aneboda_12,117475,1996-08-13Z,NA,229.65,NA,NA,0.8,4.87,JÖ,jord ,,,,,,,,,,,,,,,,,,,,,,,,,,
622,3888,7700_21,Aneboda_21,117477,1996-08-13Z,NA,213.52,NA,NA,0.85,2.75,JÖ,jord ,,,,,,,,,,,,,,,,,,,,,,,,,,
623,3889,7700_22,Aneboda_22,117478,1996-08-13Z,NA,217.64,NA,NA,0.8,3.92,JÖ,jord ,,,,,,,,,,,,,,,,,,,,,,,,,,
624,3890,7700_30,Aneboda_30,158981,2017-03-13Z,NA,NA,NA,NA,0.78,1.54,JÖ,jord ,,,,,,,,,,,,,,,,,,,,,,,,,,
625,3891,7700_31,Aneboda_31,117480,1996-08-13Z,NA,206.13,NA,NA,1.01,2,JÖ,jord ,,,,,,,,,,,,,,,,,,,,,,,,,,
626,3892,7700_32,Aneboda_32,117481,1996-08-13Z,NA,207.03,NA,NA,1.03,3,JÖ,jord ,,,,,,,,,,,,,,,,,,,,,,,,,,
627,3894,7700_40,Aneboda_40,159032,2017-03-13Z,NA,NA,NA,NA,0.33,1.03,JÖ,jord ,,,,,,,,,,,,,,,,,,,,,,,,,,
628,3895,7700_51,Aneboda_51,117482,2004-08-16Z,NA,NA,NA,NA,0.7,1.5,JÖ,jord ,,,,,,,,,,,,,,,,,,,,,,,,,,
629,3896,7700_52,Aneboda_52,117483,2004-08-16Z,NA,NA,NA,NA,0.75,1.5,JÖ,jord ,,,,,,,,,,,,,,,,,,,,,,,,,,
630,3897,7700_53,Aneboda_53,117484,2004-08-16Z,NA,NA,NA,NA,0.81,1.47,JÖ,jord ,,,,,,,,,,,,,,,,,,,,,,,,,,
631,3898,7700_80,Aneboda_80,158988,1996-02-18Z,NA,NA,NA,NA,1.06,3.05,XX,okänt om magsinet är jord eller berg ,,,,,,,,,,,,,,,,,,,,,,,,,,
632,3900,7700_82,Aneboda_82,158982,2014-06-23Z,NA,NA,NA,NA,0.37,1.5,XX,okänt om magsinet är jord eller berg ,,,,,,,,,,,,,,,,,,,,,,,,,,
633,4052,8_3,Hemse_3,311589,1986-11-15Z,NA,23.3,GNSS RTK,RH2000,1.5,3.1,JÖ,jord ,,,,,,,,,,,,,,,,,,,,,,,,,,
634,4053,8_4,Hemse_4,311591,1986-11-15Z,NA,22.587,GNSS RTK,RH2000,0.85,5.1,JÖ,jord ,,,,,,,,,,,,,,,,,,,,,,,,,,
635,4054,8_5,Hemse_5,311593,1986-11-15Z,NA,21.98,GNSS RTK,RH2000,0.35,3.8,JÖ,jord ,,,,,,,,,,,,,,,,,,,,,,,,,,
636,3963,80_2,Kallsjön_2,158200,1981-04-02Z,NA,413.545,GNSS RTK,RH2000,2.5,5.1,JÖ,jord ,,,,,,,,,,,,,,,,,,,,,,,,,,
637,3950,8000_4,Öjesjöv_Rör 1,116917,2014-10-29Z,NA,NA,NA,NA,1.3,5,JÖ,jord ,,,,,,,,,,,,,,,,,,,,,,,,,,
638,3951,8000_5,Öjesjövägen_5,158863,2014-10-29Z,NA,81.898,GNSS RTK,RH2000,0.94,4.44,JÖ,jord ,,,,,,,,,,,,,,,,,,,,,,,,,,
639,3952,8000_6,Öjesjöv_Rör 3,116918,2014-10-29Z,NA,NA,NA,NA,1.56,5,JÖ,jord ,,,,,,,,,,,,,,,,,,,,,,,,,,
640,3984,83_2,Tärnaby_2,158040,1981-04-23Z,NA,531.9,okänd höjdbestämningsmetod,okant,1.6,10.8,JÖ,jord ,,,,,,,,,,,,,,,,,,,,,,,,,,
641,3988,84_101,Vimmerby_101,311543,1983-05-15Z,NA,164.26,avvägning,RH70,0.3,8.74,JÖ,jord ,,,,,,,,,,,,,,,,,,,,,,,,,,
642,3989,84_102,Vimmerby_102,311545,1982-10-31Z,NA,157.68,GNSS RTK,RH2000,0.38,4.95,JÖ,jord ,,,,,,,,,,,,,,,,,,,,,,,,,,
643,3990,84_103,Vimmerby_103,311547,1982-10-31Z,NA,155.156,GNSS RTK,RH2000,0.61,4.95,JÖ,jord ,,,,,,,,,,,,,,,,,,,,,,,,,,
644,3991,84_104,Vimmerby_104,311549,1983-05-15Z,NA,166.7,GNSS RTK,RH2000,0.18,8.69,BÖ,berg ,,,,,,,,,,,,,,,,,,,,,,,,,,
645,3992,84_105,Vimmerby_105,311551,1982-10-31Z,NA,151.5,GNSS RTK,RH2000,0.1,3.01,JÖ,jord ,,,,,,,,,,,,,,,,,,,,,,,,,,
646,3993,84_106,Vimmerby_106,311553,1982-10-31Z,NA,151.388,GNSS RTK,RH2000,0.67,3.56,JÖ,jord ,,,,,,,,,,,,,,,,,,,,,,,,,,
647,3995,84_12,Vimmerby_12,311555,1981-07-01Z,NA,108.043,GNSS RTK,RH2000,1.1,NA,JÖ,jord ,,,,,,,,,,,,,,,,,,,,,,,,,,
648,3996,84_13,Vimmerby_13,311557,1981-07-01Z,NA,107.44,GNSS RTK,RH2000,1,NA,JÖ,jord ,,,,,,,,,,,,,,,,,,,,,,,,,,
649,3997,84_14,Vimmerby_14,311559,1981-07-01Z,NA,107.425,GNSS RTK,RH2000,1.1,NA,JÖ,jord ,,,,,,,,,,,,,,,,,,,,,,,,,,
650,3998,84_15,Vimmerby_15,311561,1981-07-01Z,NA,107.057,GNSS RTK,RH2000,1,NA,JÖ,jord ,,,,,,,,,,,,,,,,,,,,,,,,,,
651,3999,84_18,Vimmerby_18,311563,1981-07-01Z,NA,107.779,GNSS RTK,RH2000,1.25,NA,JÖ,jord ,,,,,,,,,,,,,,,,,,,,,,,,,,
652,4003,84_41,Vimmerby_41,311565,1983-11-15Z,NA,126.777,GNSS RTK,RH2000,0.75,7.63,KÖ,kombinerat jord och berg ,,,,,,,,,,,,,,,,,,,,,,,,,,
653,4004,84_42,Vimmerby_42,311567,1983-10-30Z,NA,123.16,GNSS RTK,RH2000,1,6.35,KÖ,kombinerat jord och berg ,,,,,,,,,,,,,,,,,,,,,,,,,,
654,4008,84_53,Vimmerby_53,158109,1982-07-16Z,NA,151.86,GNSS RTK,RH2000,1.1,5,JÖ,jord ,,,,,,,,,,,,,,,,,,,,,,,,,,
655,4010,84_55,Vimmerby_55,158104,1982-07-16Z,NA,163.274,GNSS RTK,RH2000,1,9.9,JÖ,jord ,,,,,,,,,,,,,,,,,,,,,,,,,,
656,4018,85_101,Halmstad_101,158020,1998-06-14Z,NA,9.869,GNSS RTK,RH2000,0.98,5.85,JX,jord ,,,,,,,,,,,,,,,,,,,,,,,,,,
657,4019,85_102,Halmstad_102,158322,1999-03-12Z,NA,67.269,GNSS RTK,RH2000,1,5.98,JÖ,jord ,,,,,,,,,,,,,,,,,,,,,,,,,,
658,721206,85_103,Halmstad_103,311937,2020-05-29Z,NA,38.194,GNSS RTK,RH2000,1.32,23.7,JÖ,jord ,,,,,,,,,,,,,,,,,,,,,,,,,,
659,721286,85_104,Halmstad_104,312089,2020-05-29Z,NA,29.015,GNSS RTK,RH2000,1.045,17.02,JÖ,jord ,,,,,,,,,,,,,,,,,,,,,,,,,,
660,4029,86_4,86_4,311569,2017-11-30Z,NA,13.78,okänd höjdbestämningsmetod,RH70,0.3,11.5,JÖ,jord ,,,,,,,,,,,,,,,,,,,,,,,,,,
661,4030,86_5,86_5,311571,2017-11-30Z,NA,15.14,GNSS RTK,RH2000,0.6,17.8,JÖ,jord ,,,,,,,,,,,,,,,,,,,,,,,,,,
662,4031,86_6,86_6,311573,2017-11-30Z,NA,14.87,GNSS RTK,RH2000,0.55,18.5,JÖ,jord ,,,,,,,,,,,,,,,,,,,,,,,,,,
663,4036,87_1,Gotska_Sandön_1,158410,1982-11-14Z,NA,12.87,okänd höjdbestämningsmetod,RH70,1.37,8.65,JÖ,jord ,,,,,,,,,,,,,,,,,,,,,,,,,,
664,4032,8700_4,Gårdsjön_GV04,311575,1996-01-08Z,NA,NA,NA,NA,0.42,1.3,JX,jord ,,,,,,,,,,,,,,,,,,,,,,,,,,
665,4033,8700_5,Gårdsjön_GV05,311577,1996-01-08Z,NA,NA,NA,NA,0.56,1.3,JX,jord ,,,,,,,,,,,,,,,,,,,,,,,,,,
666,4034,8700_8,Gårdsjön_GV08,311579,1996-01-08Z,NA,NA,NA,NA,0.44,1.3,JX,jord ,,,,,,,,,,,,,,,,,,,,,,,,,,
667,4035,8700_9,Gårdsjön_GV09,311581,1996-01-08Z,NA,NA,NA,NA,0.32,1.3,JX,jord ,,,,,,,,,,,,,,,,,,,,,,,,,,
668,4044,89_2,Grimsö_2,311583,1984-05-29Z,NA,89.086,GNSS RTK,RH2000,0.63,8,JÖ,jord ,,,,,,,,,,,,,,,,,,,,,,,,,,
669,4045,89_3,Grimsö_3,311585,1984-05-29Z,NA,87.44,GNSS RTK,RH2000,0.65,4.05,JÖ,jord ,,,,,,,,,,,,,,,,,,,,,,,,,,
670,4046,89_4,Grimsö_4,311587,1984-05-29Z,NA,89.298,GNSS RTK,RH2000,0.7,9.65,JÖ,jord ,,,,,,,,,,,,,,,,,,,,,,,,,,
671,4047,89_5,Grimsö_5,117150,1984-05-29Z,NA,88.738,GNSS RTK,RH2000,0.78,4.4,JÖ,jord ,,,,,,,,,,,,,,,,,,,,,,,,,,
672,4048,89_6,Grimsö_6,117147,1984-05-29Z,NA,88.66,GNSS RTK,RH2000,0.6,5.7,JÖ,jord ,,,,,,,,,,,,,,,,,,,,,,,,,,
673,4049,89_7,Grimsö_7,117143,1984-05-29Z,NA,87.732,GNSS RTK,RH2000,0.5,3.65,JÖ,jord ,,,,,,,,,,,,,,,,,,,,,,,,,,
674,4096,9_2,St_Vede_2,158640,2011-06-08Z,NA,66.055,GNSS RTK,RH2000,0.43,50,BÖ,berg ,,,,,,,,,,,,,,,,,,,,,,,,,,
675,4056,900_1,Åseda_1,311595,1998-04-02Z,NA,265,okänd höjdbestämningsmetod,okant,0.6,2.5,JÖ,jord ,,,,,,,,,,,,,,,,,,,,,,,,,,
676,4071,91_106,Reivo_106,116627,1986-05-27Z,NA,440.68,avvägning,RH70,0.7,3.45,JÖ,jord ,,,,,,,,,,,,,,,,,,,,,,,,,,
677,4079,92_5,Tandövala_5,117770,2000-08-28Z,NA,NA,NA,NA,1.35,4,JÖ,jord ,,,,,,,,,,,,,,,,,,,,,,,,,,
678,4080,93_1,Hornslandet_1,311597,1993-09-27Z,NA,47.334,GNSS RTK,RH2000,0.8,5.5,JÖ,jord ,,,,,,,,,,,,,,,,,,,,,,,,,,
679,4085,95_1,Lagga_1,311599,2005-11-16Z,NA,NA,NA,NA,0.5,4,JS,jord ,,,,,,,,,,,,,,,,,,,,,,,,,,
680,4086,95_2,Lagga_2,158845,2011-11-18Z,NA,28.42,GNSS RTK,RH2000,0.9,5.9,JS,jord ,,,,,,,,,,,,,,,,,,,,,,,,,,
681,4087,96_1,Skälsmara_1,158259,2008-01-15Z,NA,26.87,okänd höjdbestämningsmetod,okant,0,108,BÖ,berg ,,,,,,,,,,,,,,,,,,,,,,,,,,
682,4088,96_2,Eknäs_2,311601,2008-01-15Z,NA,7.15,GNSS RTK,RH2000,0.55,105,BS,berg ,,,,,,,,,,,,,,,,,,,,,,,,,,
683,4089,98_1,Ekskogen_1,158657,2011-04-14Z,NA,21.437,GNSS RTK,RH2000,0.935,15.9,JÖ,jord ,,,,,,,,,,,,,,,,,,,,,,,,,,
684,4091,98_3,Fyrsjön_3,158840,2011-04-14Z,NA,23.691,okänd höjdbestämningsmetod,RH2000,1.035,9.7,JÖ,jord ,,,,,,,,,,,,,,,,,,,,,,,,,,
685,4094,99_1,Kallåsbäcken_1,158562,2010-09-29Z,NA,33.992,GNSS RTK,RH2000,1.38,5.9,JÖ,jord ,,,,,,,,,,,,,,,,,,,,,,,,,,
,,50000_101,,399386,,,,,,,,,,,,,,,,,,,,,,,,,,,,,,,,,,,
,,50000_102,,399398,,,,,,,,,,,,,,,,,,,,,,,,,,,,,,,,,,,
,,50000_103,,399394,,,,,,,,,,,,,,,,,,,,,,,,,,,,,,,,,,,
,,50000_104,,399400,,,,,,,,,,,,,,,,,,,,,,,,,,,,,,,,,,,
,,50000_105,,399388,,,,,,,,,,,,,,,,,,,,,,,,,,,,,,,,,,,
,,50000_106,,399396,,,,,,,,,,,,,,,,,,,,,,,,,,,,,,,,,,,
,,50000_107,,399392,,,,,,,,,,,,,,,,,,,,,,,,,,,,,,,,,,,
,,50000_108,,399390,,,,,,,,,,,,,,,,,,,,,,,,,,,,,,,,,,,
